Author,Rating,Helpful_upVotes,Helpful_downVotes,Summary,Review,Compound,Sentiment_label,Negative,Neutral,Positive
mmyilmazyurt,9.0,93,7,speechless,honest nothing left say storywise film tragedy atmosphere everythingas admirer dennis villeneuves filmography thanks work past year already familiar much brilliant storyteller yet incendies different beautifully structured script visuals soundtracklastly intro along radioheads whose army probably one best ive ever witnessed easily,0.9565,positive,0.072,0.553,0.376
alexart-1,9.0,333,44,love became funeral pyre,people watch oscar dont usually care best foreign film nominee incendies provides many reason people actually get see nominee cost incendies kind film one walk away feeling emotionally drained one stay viewer mind day end like intense personal experience take lot come grip film story moving plot full twist catharsis new directorsnew film festival new york saw last night denis villeneuve explained made four film canada first one released america right see reason villeneuve actor matter shouldnt great future ahead thembased play scorched wajdi mouawad incendies follows nonlinear plot span two generation present day jeanne simon twin lost mother nawal nawal stipulated jeanne simon must return envelope brother didnt know existed currently living fictional middle eastern country twin give nawal proper burial jeanne feel obligated return letter go middle east realize nawals nastiest secret jeanne uncovers nawal viewer shown nawals story film build unforgettable ending sure rock viewerincendies already great source material ive praised plot enough one thing must add play apparently four hour long according villeneuve impressive movie succeeds nicely cant imagine anything cut back source material there really great acting entire cast play part emotional vigor seems impossible work art wasnt autobiographicalfurthermore villeneuve made film relies great filmmaking impact viewer cinematography beautifully bland surely nod desert lebanon like land movie take place color scheme also used villeneuves advantage show parallel nawal jeannes life villeneuve seems love working extended zoom shot shock viewer overwhelmingly long silence villeneuve didnt receive critical acclaim america least incendies mysterythere many movie middle east failed miserably attempt strike emotional chord critic viewer alike redacted rendition others extremely successful hurt locker lebanon incendies could well one best film ever made conflict middle east flaw keep masterpiece maybe couldve lost five ten minute rare type film really resonates beyond initial viewing hopefully incendies remembered year come little brilliant film spawned great fame denis villeneuve,0.955,positive,0.143,0.656,0.201
eddie_baggins,10.0,107,16,stunning powerful thriller,want see one modern era hottest directing streak started incendies film youdirected denis villeneuve went frenchcanadian coproduction move onto prisoner enemy sicario arrival last year brilliant sequel blade runner incendies oscar nominated film put villeneuve path find remains film substantial power year initial releaseadapted wajdi mouawads play name incendies multilayered narrative span numerous country numerous character various timeline villeneuve control film perfectly mystery lay heart tale family war life death never get muddled drawn film wrap u web refuse let u gotheres abundance filmmaking visual flair villeneuve started become known recent hollywood production incendies power come almost exclusively villeneuves deft hand performer handling script filmmaker would struggle bring life ability slowly ebb information go time come realise lay store film character power incendies becomes even apparentsaying much story would disservice film take many various turn pivot essentially core story twin jeanne simon marwan trying uncover secret father theyve never met find brother never knew middle eastern born mother nawal pass away incendies becomes much typical family drama showcase time conflict israeli palestinian holy war well twin journey back country nationalitythe film many way showcase different side villeneuve prof director home handling million plus scifi major hollywood studio behind camera small intimate drama driven purely narrative character proof filmmaker man many talent director cherished love cinemafinal say fan villeneuves work world cinema powerful character driven drama incendies film seek soon possible losing none power since initial release sometimes hard watch always enthralling film standout filmmaking official blasting point one modern era great filmmaker swimming pool,0.8779,positive,0.099,0.765,0.136
Xstal,10.0,42,5,tragedy turmoil torment,secret uncovered passed undiscovered story shed amassed father brother didnt know could others time lift bedrock past make visit country east friction conflict war chaos seldom ceased walking footstep left shadow plough lonely furrow record slowly forming piece piece discover revelation tragedy event circumstance shocking gravity uncontrived coincidence implication beyond immense point mother run fleeone best film youll come across brilliantly directed performed heart wrenching packed full emotion turmoil,-0.9153,negative,0.244,0.665,0.091
vsdobbs,9.0,135,47,fantastic villeneuves best film yet,film extraordinary every level script terrific actor perfect direction cinematography could hope recommend without hesitationanyone seen villeneuves previous workor andre turpin zigrailknows filmmaker body work almost without peer contemporary cinema worldwide unparallelled history canadian cinema seeing incendies maelstrom favourite canadian film incendies betray legacy absolutely see itin film stunning one odd single one aspect must say lubna azabals performance among best ive ever seen though ive watched film shes past never really stood devastatingly good picturei hope film get submitted ampas oscar selection definitely best film ive seen year shoein foreign picture oscarmy complaint film use music radiohead took film time played rest music cue spoton quite excellent thom yorkes voice belonged nowhere near film,0.9857,positive,0.058,0.664,0.277
freddyatali,10.0,163,62,exquisite,denis villeneuve created nothing less masterpiece film revealing great director especially given original story powerful dimensionsdespite skeptical first film shot jordan dealing specific multidimensional lebanese drama geographic distance land lebanon detaching film strict reality place taking whole level significance jordan landscape especially film photography somewhat surrealistic story taking place deep level region subconsciousvilleneuve managed delicately craft story dimension human mind normal condition prepared understand confront yet thing happen many time war retelling easy task actually quasi impossible one yet villeneuve itthis film representing canada oscar win,0.9042,positive,0.101,0.675,0.224
vamsipraneethdamarla,9.0,33,8,dont miss masterpiece,stupid iam postpone movie month watching stuff ive underrated movie watching trailer,-0.6486,negative,0.346,0.654,0.0
CineCritic2517,9.0,111,51,recommended viewing,reading mother twin brother sister learn unusual last wish amongst request two envelope need delivered respectively father two brother unknown quest lead twin middle east slowly learn horrific tale life history late motherthe movie tell graphic endearing story perfectly shot acted allowing viewer get fully immersed journey finding twin flashback learn hardship mother eventually fate father brother treat great twist end really icing cakehighly recommended,0.8876,positive,0.082,0.696,0.222
conceptkrishna,9.0,6,0,damnnn pure carnage drama well executed,purely marvelous life like almost fell asleep beginning min till last min pure suspense,0.788,positive,0.0,0.633,0.367
Blue-Grotto,10.0,17,4,tenth anniversary,rare person understands fully people even try understand come knowing others deeply even close u task nearly impossible incendies delf seemingly hopeless undertakingupon death unusual troubled mother nawal twin jeanne simon given surprising difficult assignment tracking father thought dead finding brother never knew delivering mysterious letter mom journey begin lebanon nawals footstep retraced shocking revelation revealed nawal including forbidden love honor killing stolen baby violent militia refugee prison torture massacre assassination twin discover country caught chain anger struggle free within conflagration key understanding mom family themselvesincendies deeply moving explosive literally figuratively glimpse heart lebanon human nature second favorite film time scene raw jolting none final revelation part villeneuves genius surprising scene come without usual prelude revealing music like jaw intuitive response obvious buildup suddenly cut sense emotion simultaneously boom flashback ambient sound contrasted eerie radiohead track villeneuve craft something unique thrilling lubna azabal nawal perfect part incendies based play wajdi mouawad filmed jordan quebec love incendies mostly carry profound urgently needed message judge diminish people culture otherwise lift sympathy understanding mercy,-0.9559,negative,0.237,0.598,0.166
lennyfromamsterdam,10.0,211,114,wonderful devastating,pleasure attending screening incendies telluride film festival absolutely shattered meticulously crafted film favorite festival stuff happens youll like way film go even youll like whoa okay even youll like oh god even still youll like happening oh god please itll keep going even end film youll steamy shattered mess like wascharacters event throughout depicted subtlety prowess master filmmaker dont want spoil anything numerous moment screening attended audience vocally reacting moment screen extremely visceral affecting beautiful powerful film,0.9808,positive,0.096,0.53,0.374
lstonebridge,10.0,115,57,superb film,superb film best film year estimation bar none exceptional canadan film easily win best foreign film oscar directing photography cinematography casting acting outstanding film also something say nature hate violence unfortunately wonderful film neither seen appreciated wide audience denis villeneuve created fabulous film done immense job taking novel screen,0.969,positive,0.157,0.427,0.416
magadalwarmayur,10.0,35,13,top ten film ever watched,movie need recognition couldnt believe released kind movie stick die watch movie little patience every aspect movie masterpiece ie cinematographyeditingscreenplaymusicdirectionperformance movie consider best shawshank redemption deal somewhat thing iehope watch movie get prepared amazed,0.7733,positive,0.139,0.582,0.279
TheLittleSongbird,9.0,14,4,promise much sacred thing,main attraction seeing incendies directed denis villeneuve loved sicario really liked prisoner apart ending review film recommended incendies highly people calling one villeneuves best seeing film definitely cardsseeing incendies turned every bit great film touted although need seen villeneuve incendies contain best work seen thus far second favourite sicario tough watch often incredibly hardhitting thing people love others wont done find contrived melodramatic incendies exceptionally well made round strong emotional impact throughout although perfect hard hard itincendiess weak point ending certainly unexpected power also seemed rather contrived like went far number coincidence almost credibilitystraining ending prisoner quitehowever incendies superbly made visually especially stylish brooding cinematography deft use closeup long shot capture horror story wonderfully even roger deakins little bit better scenery similarly audacious also highly atmospheric music suitably haunting great use radioheads whose armyvilleneuves direction career best specialised giving film darkness beautiful brutal also hard edge didnt hold back better seen incendies tight script sicario script lot emotional impact provokes thoughtwhen come story incendies also hugely successful really hit hard without overdoing sugarcoating thing much authentic also moving bus massacre particular highlight shock one core parallel splittime structure story interesting neither story line hard follow tie neatly end numerous revelation twist could credibilitystraining illogical done right villeneuve keep control anguish confusion regret seen poignantly filmperformances strong across board powerhouse turn lubna azabal mlissa dsormeauxpoulin film particularly great job creating sympathy protagonist developed beautifully one easy root every step way come compellingly real oneoverall great film nearmasterwork though ending good rest film bethany cox,0.997,positive,0.129,0.55,0.321
kluseba,8.0,81,57,probably best drama last year,decided watch movie read many excellent critic book used quebec cegeps kind posthighschool girlfriend talked indeed happy seen intense movie really great close perfection even though even seen one two better film year movie least best drama seen last five yearsthis movie absolutely convincing intense image word slow paced sad atmosphere movie begin calm tension raise fast really feel tragic character movie make cry make angry shock quebecker movie cut piece may mix little bit beginning see scene present jeanne simon first parallely looking truth trying fulfil last see scene dramatic past mother different stage life also see scene past family movie show couple interesting diversified character played mostly unknown indeed extremely talented actor also magnificent intense landscape shocking crime war scene insight foreign culture clash generation ideology past present movie much diversified intellectualmany people surprised several twist intense dramatic ending true development movie take really shocking seen thing coming wasnt surprised end almost harm atmosphere tension movie movie tell philosophical way irony fate peace war love hate vengeance forgiveness saint sinner uneasy watch movie still think heard seen quite moviealmost everything perfect movie two minor reason dont give best note first somehow able predict punch certain point movie already seen intense shocking drama even uneasy heavier watch one example pianist second scene beginning movie done well camera man scene jeanne mathematic class look accessory room camera disturbingly shaking moving time create effect uneasiness similar scene later movie way heavier scene two scene would complicated produce film well done director seen corrected sending final product festival cinema perfect intense masterpiece little detail really something could harm reputation professionalism whole brilliant work next time concentrated movie perfection keep eye open invest money good camera director instead war scenesbut think really talk extremely good movie surely worth watching agree one would like see movie represent canada oscar,0.984,positive,0.183,0.552,0.265
Misss25,9.0,6,1,donno begin shocked watching oldboy one,revealing mastery great shocksnever think gonna end really dont word loved,0.1755,positive,0.207,0.545,0.248
younesbaghdali,10.0,3,0,greatest plot twist,movie shocking plot twist ever seen entire life literallythe story telling cinematography atmosphere choice soundtrack even actor everything perfect movie keep edge seat make theorise wonder make think connect dotsanother masterpiece director never seems disappoint sad movie still masterpiece would describe movie deep full sorrow painting made picassosadly dont see lot movie like made generation,0.9203,positive,0.084,0.65,0.266
cultfilmfan,10.0,31,29,incendies,incendies based play wajdi mouawad film canadian film french arabic english subtitle going theatre see incendies really knew nothing read review came heard television news show supposed good best foreign language film oscar assumed going really good film decided read anything plot saw film day find many critic gave away much crucial information film review finally see film affect known nothing incendies watching story unfold eye quite experience would recommend inclined go see film director denis villeneuve familiar anybody else appeared film worked side must say fantastic job type film watching quite sure happen climax ending come make sense leaf multitude feeling time incendies always easy film watch overly violent graphic thought everything handled tastefully done way still suck much emotion u get care much character going watch eye help feel sad enraged even physically ill watching time clarify film deal going middle east war tension prejudice came war moment terror people time still going also liked dealing tricky controversial subject matter mentioned tastefully done none felt like watching hollywood movie think big budget big name star movie extravaganza probably would worked reason work well fact character driven deal event gone past similar different way still going today film felt personal felt like people involved film something say instead sugar coating everything making easily watchable film feel good portion instead go emotion sense almost take journey personal trial tribulation character movie gone understandably almost feel pain exhaustion hurt performance sense believability authenticity everything see go feel like real thing way handle situation believable far fetched character film give u something believe searching truth go many length find even time difficult even dangerous amount honour pride carry set someone wish truly remarkable incredibly powerful film mentioned put array different emotion mind felt could connect character look feel film big budget fake looking make interior exterior shot look real enhancing emotion mood supposed feel scene acting everyone involved terrific well really well put together film great cast director wonderful material work mold brave haunting yet life changing experience seen best foreign language film oscar nominee seen incendies would say good chance winning masterful great take word go see open theatre near certainly one best film,0.9911,positive,0.135,0.641,0.224
classymmagine,9.0,4,1,watch,breathtaking start finish incendies delivers deeply moving narrative intertwines family secret haunting legacy war film feature captivating performance particularly lead actress whose portrayal woman search truth identity powerful poignant dialogue brilliantly crafted line resonating weight character experiencesthe scenario meticulously thought effectively exploring theme love loss resilience backdrop conflictridden landscape stunning cinematography capture stark beauty setting immersing viewer world feel real emotionally chargedwhat truly stand journey woman endures unimaginable hardship quest uncover family past strength determination serve testament human spirit capacity endure heal overall incendies engaging film profound exploration identity survival scar left war lingers mind long credit roll,0.9788,positive,0.107,0.576,0.317
jtindahouse,10.0,4,1,film going stick suspect,ive meaning see incendies long time kept seeing image infamous pool scene creep people saying one devastating realisation film history needed know holy heck film pull punch feel like hit truck time overthe movie told lot class absolutely brutal hard watch film time none violence terror feel top part go towards film made part go towards part world actually like unfortunatelythe twist end film disappoint may shock leave feeling pretty grotty disappoint havent able stop thinking film since finished hour ago one stick suspect terrific film,-0.055,negative,0.192,0.609,0.199
RevCarndoch,6.0,10,5,bit fantasy mixed tragedy,although story interesting movie suffers poor leading actor relies fantastical coincidence drive story supporting cast wonderful job mother play part well acting twin simply believable young acting skill arent also inappropriately cast believable could offspring immigrant mother tortured past story compelling told way really grabbed attention kept excited see part would told next although challenging present event manner film excellent job helping viewer follow event past present skillfully unwound paint picture really happened movie cast appropriate talented actor role twin perhaps used one two fewer crazy coincidence think could great,0.9674,positive,0.101,0.602,0.297
glbawk,5.0,79,87,convincing,film strong scene close couldve beenas someone lebanon couldnt take film seriouslysometimes drama bordered comedy native lebanonthe fight christian muslim middle east lebanon character speak different arabic dialect scenery jordan scene hint real historical fact totally mark parallel war lebanon obvious yet wrongto sum imagine film shot bresil war confederate state united state dialect australian there scene hint abraham lincoln assassination would take film seriously,-0.8371,negative,0.201,0.694,0.105
W011y4m5,8.0,2,0,pack punch,discover denis villeneuves filmography realise unflinchingly brutal movie,-0.6249,negative,0.369,0.631,0.0
kamalbeeee,8.0,2,0,drastic twist end,movie slow finding brother son climax awesometo feel climax twist watch whole movie,0.0,neutral,0.0,1.0,0.0
f-57307,8.0,2,0,great,true greek tragedy layer deprivation directed heart people faced truth silence think feel sad,-0.7351,negative,0.422,0.369,0.209
Ashwani-Kumar-Abhinandan,8.0,2,0,one best,incendies one best nonhindi nonenglish film ive ever watchedthe direction brilliant expected denis villeneuvethe bus scene one thrilling horrifying moment ive seen movie crazy part achieves without ghost spirit pure raw terror awe terrorist chillingthe cast acting outstanding every performance feel real powerfulthe ending best part filmit feature one shocking plot twist couldve seenthat said hype review claiming movie biggest unexpected plot twist world cinema mentally prepared paid extra attention start middle strong feeling twist might even kept denying thinking way wont go far dideven though predicted ending didnt reduce enjoyment buildup emotional weight confrontation scene excellently crafted grippingoverall incendies one best film watch highly recommended,0.9314,positive,0.174,0.56,0.266
SnoopyStyle,8.0,6,4,epic greek tragedy,twin simon jeanne marwan given instruction reading mother deliver letter father brother know nothing simon dismisses mother weird wish jeanne decides discover truth lebanon christian mother nawal marwan affair arab wahab family killed wahab grandma saved pregnant nawal baby given mysterious woman narwal would go look himdirector denis villeneuve delivers compelling image dark murky tale religion family set middle sectarian war point middle story double make true greek tragedy small problem dying nurse telling twin baby born prison able figure part last half stretched bit midway point wish movie pick pace get big reveal nevertheless brilliant tragedy,-0.836,negative,0.196,0.654,0.15
socialmedia-437-956449,9.0,6,4,picturesque memorable surprising tense mysterious,story begin nawal lubna azzabal canadian expat middle eastern origin leaf behind twin jeanne mlissa dsormeauxpoulin simon maxim gaudet consists two sealed envelope instruction delivery listing jeanne simon supposedly late father recently discovered older brother point forward twin embark upon adventure wartorn country sole purpose unlocking mystery left behind mother mystery providing gateway homeland originsthe magnificent prologue film speaks volume beautiful seemingly serene hilly landscape tricking audience false sense security camera slowly sweep across room full young boy either clipper shaving head military standard receiving terrifying looking arm camera pause one boy piercing eye looking u moving combination fear anger resentment hair fall shoulder rendering bald ready background radioheads whose army hypnotises u imprinting powerful image memory one strongly recalled later film scene alone worth sturdy artistic praiseface naked without memorial burial instruction left behind apparently tortured nawal haunting quote noting childhood knife throat cant easily take child realise gravestone added puzzle mother past unlocked delivery letter within cryptic willbased play wajdi mouawadscorched familiar one could feel tell screenplay adaptation turned mouawads work respected admired multi award winning picture film garnered international attention twenty win total various festival including oscar nomination best foreign language film incendies also one highly praised film screened second edition doha tribeca film festival dtff encouraging exploration appealcan war poetic villeneuve possible also romantic ruthless combining extreme human emotion leading radical choice like christian nawals recruitment muslim militia poetic narrative expose idyllic scenery director focus often revealing shortly truth raw harsh poignant reality moment jeanne land middle east transported story mother history although country name fictional historical detail fail belie nation question fact lebanon every location visit alternated parallel memory mother past featuring ferocious battle woman also political activist soon jeanne infiltrates nawals hometown exposed complex hatred society continues struggle even year war ended villager blatantly refuse jeanne assistance upon discovering nawals daughter without mention mother treated like taboowhile simon resisting mother enforced wish jeanne initially take solo initiative seek closure throughout adventure learn unfriendly village appears basis nawals struggle upon falling pregnant palestinian man brutally murdered brother drowned shadow disgrace everybody village due falling pregnant nawal delivers boy taken away upon birth tattoo marking shin nawal vowed find child cost driven village fear persecution even death take drastic decision anger resentment fear like boy opening filmthe war context explains regardless one political stance there people choose practice preach mere ideal nawals decision join militia primarily born despair injustice suffered style mythological greek tragedy plot cleverly reveals key information within every step twin detective effort reaped year absence becomes obvious war never really left mother past protagonist lived festered within themalthough child considered mother nothing neurotic unstable character journey embark honour fact valiant woman also known woman sings past painful easily forgotten seemed never really understood motherthe film picturesque memorable every scene surprising tense mysterious part villeneuve portrays vulnerable curious vision nawals viewpoint one applicable person regardless religion political party sharing circumstance someone unaware conflict middle east narration carry judgment innocence guilt may considered right wrong war general personal perspective highlight one worst enemy also precious part oneself story struggling woman starcrossed lover suffering mother personal journey life family legend tainted war society,-0.9864,negative,0.223,0.6,0.177
maddox-richard,6.0,28,28,beautifully made tragedy schematic contrived,watched hence ramble beautifullymade film terrific performance see many people find extremely powerful tragedy wonder tackle much length medium there much say hour conventionalish movie without overtly manipulating audiencepersonally problem many fictional film type though understand reaction common one film take extremely shocking despicable event could real could happened sometimes happen film event realistically ask audience dive get story would piece riveting fictional drama godfather etc time insist film element reality quasidocumentary almost truthful currently happening quality yet screenplay unfolding drama real greek tragedy say carefully scripted storyboarded shock amuse provoke play drama movie still another godfather matrix documentary record event event happened like cake eating taking ironyfilled messageladen impactful stage play putting package realistic contemporary actiondrama thriller mystery tragedy think another director played fictional greek tragedy heightened ironic drama written stage aspect would loved eg audience understood manipulated sake great drama conversely think director made similar movie based true story without central shocking irony would loved he great directornot meaning compare different film different intention perhaps conflicting said far liked way roman polanskis death maiden keep stage play aspect original didnt enjoy kite runner mixing fact fiction action rescue ending im fan film take real event work drama finish revealing actual protagonist real life europa europa example im fan city god obviously complete fiction hollywood style shootemup rather state address im huge fan sergei bodrovs prisoner mountain film depicting theme war religious conflict fairly realistic way somehow nice balance filmed play something happening right carry universal truthsi dont comment often imdb think film extreme nature incendies central twist probably worth recording people different reactionsfinally think director one best recent time congratulate film despite taste,0.9591,positive,0.152,0.621,0.227
aboood-64006,10.0,3,1,legendary plot twist,ending incendies shocking deeply emotional offering masterful conclusion intense journey tie together complex web secret family history brutal yet poetic revelation film exploration identity war forgiveness culminates moment hauntingly unforgettable director denis villeneuve craft powerful narrative leaving viewer grapple consequence hidden truth ending doesnt resolve plotit force audience confront darker side humanity making profound cinematic experience,-0.6475,negative,0.203,0.626,0.171
tonyg-69022,10.0,3,1,masterpiece,doubt one best world cinema film ever seen absolute masterpiece,0.7783,positive,0.14,0.393,0.466
labng,7.0,2,0,politics aside great story moving film,im sure particular politics really matter much think could drop story civilly torn nation time history little change ending may clean didnt take away enjoyment movie high praise given choice war story typically high list goto viewing felt like fable fairytale found story visuals beautiful,0.6672,positive,0.175,0.562,0.263
Gordon-11,8.0,4,2,must watch,film tell story young woman twin brother go lebanon search mother past instructed mother discover one heartbreaking fact another shaking ultimate core brother existencejust like twin unprepared shocking emotional roller coaster unfolds gradually thought could worse thing turn worse sad film somehow there still hope love forgiveness air ending profoundly powerful leaf paralysed thought entranced emotion incendies must watch,-0.1531,negative,0.209,0.589,0.202
kafandiyev,10.0,9,10,rare piece gem,wonder could make watch hr long movie dont like movie regarding middle eastern war thought watching one gave chance wasnt intending finish wondered movie rated quite long movie actually dont feel dont complain watch till end slow pace easily adapted even make ask morethe movie contains many flashback first look like historical review situation day realize real mastery telling story front strong historical background flashback real time connected end movie way feel like there way understand really feel moviethe story comparable one least havent watched movie strong different scenario powerful moviethis movie deserves applause kind rewardsi strongly advise movie everyone yr old feel good fun time family movie good piece art master workim happy watched,0.9714,positive,0.083,0.676,0.241
milija17,9.0,7,7,strong antiwar antireligion message,movie isnt intellectual let alone falsely intellectual claim movie powerful message war id say religion well author cleverly place story particular country cause story universal war religion make sense anywhere religion doesnt make sense either start sure movie flaw two id say greatest terrible cast role brother couldnt probably act even high school miraculously ended herei cant decide movie pathetic emotional could done adding classical music artistic point view probably needless however maybe would reach people pathos would probably create greater emotional response message would get farther,0.7926,positive,0.142,0.611,0.247
ibrahimach,10.0,9,11,heart inconsolably broken,hit truck movie incendies best absorbing emotionally enthralling movie ever witnessed yr profoundly unutterably movedaffectedright essence beingam speechless overwhelmedshakento c r emade crynever film smashed heart countless piece serious somber joke make laughwill never personam walking cadaver dead yet still alivei less body spiriti honestly feel soul awakenedmaybe happy happinessperhapsbut dont care happiness longermeans nothingafter incendies ate ravaged heart,-0.0299,neutral,0.187,0.642,0.172
juanpimartinez,9.0,7,8,might get burned,first second enough mean able capture course continues whole movie know blessed good film particularly like way movie begin believe favorite part movie hearing radiohead song whose army watching little boy sight way look u two eye full anger passion pain second perfect taste coming next great opening great tough movie story family courage sacrifice recommend film want get real,0.9776,positive,0.097,0.511,0.392
secondtake,9.0,7,8,gutwrenching intense beautiful searing yes scorching,incendies scorched good translation french title thats youll feel endthis canadian movie based play lebanese writer set mostly jordan tale twin brother sister son daughter looking root death mother quite amazingdont think feelgood flick show first better almost movie ive seen reality life wartime mideast pick country ruthless bloody sectarian violence made intimate worst way best way cinematicallyyou hate feel huge strength movie giving light dilemma ordinary people trying survive literally mayhemequally important daughter view mother change learns daughter forced request mother take recent jordan utter determinationthe movie divided two time period first belongs mother ongoing series harrowing flashback second belongs daughter eventually son look surviving member mother past steely force daughter turn mere shadow strength mother droop admiration sympathy themthe huge dramatic hook movie learn character learn end movie isnt something talk outrageousness put shakespeare shameand also distraction jaw drop think oh awful part brain also saying much isnt contributing truth emotional depth charactersit might even undermine slightly reminding u stage play artificebut thats nagging quibble really powerful movie beautifully rendered acted unusual intensity rough realistically violent spot worth wow,0.8195,positive,0.179,0.603,0.218
drumgod101,10.0,9,13,better greek tragedy,good watching canadienfrench film incendies second time thought must based novel play needed find know based play wajdi mouawad mouawad canadien writer delight incendies part series four play mean three incendieslike play still read wont go rundown plot talk abstraction arch character symbiosis lackthereof ton proper film review already dealing topic thought id talk two thing two thing thought make outstanding film photography remarkable unfolding dramatic story better film critic say real film critic said film pull tragedy better greek photography photography photography good second time first time saw film open village could mistaken greece israel thought maybe set shot palestine think film actually shot jordan thesis shot actually set portray fictional lebanon past modern day history intertwined movie seems loosely fictional cant find information place appear film lebanese civil war history little rusty anyone elsethere two shot particular stand shot distance reveal vastness landscape unmistakably mediterranean rocky tree im tree expert must olive fig tree almost overused prototypical symbol med work great first shot like actually two shot meaning one type shot used twice almost identically bus traveling skinny mountainside road first camera close pan way show whole panoramic view massive landscape tiny bus common technique world film shot exotic landscape shot similar later film one character driving modern day deressa refugee camp shot taken sky winding road leading side mountain shot amazing whatever effect filter photographer added make fit film tone well cant think better word use describe shot cinematic know thats terrible term use describing cinema really shot like expressive wellplaced film nothing going film excepts visuals shot stand artistic filmmaking achievementthe storyline storyline storyline unfolds precision textbook tragedy set conflict right top find missing brother father drama unfolds story becomes complex adding twist turn plot never even thought possible end left remains challenge oedipus king magnitude without fall grace film still manage exit scene sparkle hope forgiveness let audience breath little easier film close catharsis even story film haunt subconscious good review drumgodchrisblogspotcom,0.9879,positive,0.081,0.737,0.182
krisrox,6.0,9,11,nasty surprise,incendies movie really wanted like refreshing several level featuring pleasantly strange locale quebec lebanon good sense pace cover hitherto unseen moment modern history good eye detailstill tempted give movie lowest score possible primarily butchering story towards end going type plot amateur screenwriter fall exciting paper hopelessly shallow practice go see contrived completely undermines realistic feel director fought hard establish furthermore im sick movie create drama graphically depicting violence child get mids lebanon hell hole denis refrain using sledgehammer unless story absolutely need make movie intelligent,-0.7197,negative,0.226,0.6,0.174
gelman@attglobal.net,9.0,3,2,short perfect,fact plot tied neat bow end incendies would perfect movie told present past film trace effort twin jeanne melissa desormeauxpoulin simon maxim gaudette carry wish dead mother lubna araval find deliver letter father lost brother twin go lebanon jeanne conviction simon reluctantly dont quite know begin brother mother illegitimate son sent orphanage much quickly established film follows search also play back event lebanese civil war separated mother child father twin search fully way viewer initially bit confused part present part past m desormeauxpoulin look time much like m araval didnt always know whether witnessing search daughter war time travail mother minor problem soon enough two element search war diverge context identifies daughter mother two woman handle role superbly simon necessary player gaudette adequate role event subsidiary mother daughteri wont reveal ending however war time scene depicted convincing brutality indifference suffering characterized lebanese civil war appalling film might one actually happened addition camera focused bleak landscape outside village town add sense close real life possible geta suggested beginning review found ending pat much convenient certainly dramatic others may find convincing,-0.9565,negative,0.194,0.686,0.119
yusufuveyskaplan,10.0,3,2,legendary movie,movie everyone watch perfect subject feeling emotion leading role,0.6369,positive,0.0,0.574,0.426
cris_tian_,10.0,3,2,underrated film today yesterday,film masterpieceintense deeply impactful explores conflict middle east without delving deeply historical context yet effectively conveys situation emotion story unfolds two alternating perspective piece together puzzle mother nawal past child jeanne simon present dynamic approach enhances sense mysteryas ending truly powerful making question perspective viewer deeply moving experience complemented stunning cinematography outstanding performance,0.9353,positive,0.039,0.693,0.268
Movie_Rating_n_Ranking,9.0,3,2,really know much,many time celebrate display one culture another many time learning culture full wonderful story incredible people sometimes immersing foreign culture far desired information paradise occasion realize lucky born born even worst problem ordealsthis movie beautiful heartbreaking sense raw like worst life unpredictable like worst war couple simultaneous trip different time show u worst atrocity committed war conflict consequence explicit unspoken story timegreat directing work excellent editing photographyrecommended people trained criterion,-0.4588,negative,0.284,0.441,0.275
Rendanlovell,10.0,3,2,beautifully haunting,incendies film put director denis villeneuve map prisoner enemy sicario belt villeneuve become one eye catching director working today like film incendies string together cobweb like story watch pair twin venture middle east search father brother final wish recently departed mother although film twin finding mother naturally film avoid heavy spoiler keep film experience leave thatand film experience even though film run fairly long two hour twenty minute run time incendies accomplishes time remarkable able draw hold attention entire run time story unlike anything ever see slow burning thriller hit every beat youd expect every beat dont expect way everything feel completely natural progressive control villeneuve film insane every single person involved front behind camera superb job villeneuve know want film get exactly thatits beautiful film able manipulate audience utter ease beautifully constructed film beautiful film look may roger deakins shot prisoner sicario incendies seems take note gritty realistic look employ style like film incendies ending knock flat ending would near effective anyone elses hand cut flashback reality way keep film becoming predictable film concludes come complete shock could go miraculous film think leave desire see film please go purchase assure incendies film never forget beautifully constructed film enough style keep body interested,0.9894,positive,0.088,0.671,0.241
itzel_vazquez,10.0,4,4,underrated master piece,great movie almost disturbing excellent photography direction acting specially writing moment could little slow doesnt matter end really well builded best example make quite shocking movie almost blood graphic scene great story,0.9283,positive,0.121,0.483,0.396
ethical_trader,9.0,4,4,big boy dont cry one,im meant provide least ten line according imdb yet film need one word profound could use thousand still describe monument film let tryengaging hypnotic beautiful deep shocking chilling honest disturbing emotional original soul destroying uplifting tear invoking truly human spoilersor clever clichs needed dont think there single clich whole two hour ive waited long time film like writing effect get thought still fresh im going straight best mate fellow film lover house glorious yet modest dvd case demand watch right dave right put kettle coffee go cold anyway watch know hell thank obstinate insistence thirst mean nothing bathroom youll learn hang hunger wont occur rarely encounter masterful telling story trust yet dont allow anything distract think subtitle arent working youre meant understandits main character perspective dont speak arabic either clever touch youll learn get monsieur villenueve ever win lottery write script thats head direct rewriting ill pay anything give free reign pure dogme subtlety touch inflection u ever dream thinking life oscar werent exclusively anglo included foreign film best picture etc would half dozen bravo msr villenueve bravo wajdi mouawad gave u play heart hope youre life story sogo god peace brother,0.9922,positive,0.106,0.613,0.28
angelo_tumbarello,10.0,4,4,reading lead long winding odyssey unknown world,film faint heart film contains great deal violence make believe movie violence real fear inducing violencethe back drop film lebanese civil war sectarian division opening sequence reading contains burial instruction instruction haunt rest lifethe acting great real script exceptional believable great use sound great plottingi love film take safe world thrust world dont know fear disappointed film win academy award best foreign language filmthis film deserving award,0.9626,positive,0.206,0.432,0.362
Kdosda_Hegen,6.0,5,6,great idea film emotionless,film slow premise boring way fact entertaining intense make better effect great storyline slow learning happened shocking value low film structure slow storytelling,0.7579,positive,0.199,0.42,0.381
thePopcornExplorer,8.0,2,1,daunting story dark twist,dennis villeneuve become one favorite director recent year ive seen work missing incendiesbased play lebanese national draw inspiration real life political activist war drama manages convey important message able distance political themesits inevitable politics theme well however theme hate love trauma take main stage follow journey twin brother set uncover convoluted past mother honor willthe movie begin slow halfway start peel layer dark mystery bounce present past flashback mother life transported horror civil war hinted lebanon warit end dark twist added intensity dramatic charge filmits good watch filled important lesson made research portion real life activist movie take bit inspiration real life event lebanon war wasnt aware always good learn bit history cinema power push curiosity,0.6124,positive,0.157,0.64,0.203
MamadNobari97,9.0,2,1,brilliant,love everything denis villeneuve make he best working director today opinion favorite director love man movie everything make gem he like modern kubrick cannot enjoy watching moviesgo watch masterpiece without looking reading anything watch,0.9664,positive,0.051,0.521,0.428
k-radpour,8.0,2,1,great shocking movie,dont miss great movie tragic story war storyline little slow wait end nice movie arent famous one,-0.7876,negative,0.386,0.454,0.161
vernonbejarx,10.0,2,1,great movie,reason im surprised get job parent college got go home sleep like entire month lot work life mom dont job go home get house go parent mad parent mess mess go back something else cant without knowing wrong want parent dont together dont care anyone say anything wanna say,-0.6082,negative,0.196,0.693,0.112
gridoon2025,8.0,2,1,exceptional film,absorbing novelistic unpredictable challenging puzzlelike structure slowly surely reveals devastating tragedy immense proportion ancient greek tragedy modern time perhaps couple sequence harrowing anything youll ever see however compared reallife horror weve witnessing middle eastern region last several month seem almost tame mlissa dsormeauxpoulin lubna azabal give powerful performance wordless reaction former finally learns truth absolutely bonechilling,-0.8807,negative,0.226,0.645,0.129
muzotime_UZBEK,7.0,1,0,masterful haunting journey discovery,denis villeneuves incendies delivers profoundly powerful emotionally devastating drama immersing viewer twin sibling harrowing journey uncover family past wartorn middle eastern country film excels intricate narrative structure slowly unraveling complex mystery relentless build tension shocking revelation performance absolutely gripping conveying immense grief resilience weight historical trauma strength lie unflinching portrayal brutal consequence conflict exploration identity destiny cyclical nature violence meticulously crafted deeply impactful film resonates long viewing leaving indelible mark audienceis worth watching absolutely incendies cinematic masterpiece mustwatch appreciate powerful thoughtprovoking drama delve complex human experience unparalleled intensity artistry,-0.4284,negative,0.21,0.578,0.211
shriefooofadl,10.0,2,1,masterpiece,middle eastern heared story like happened probably wont get head week,0.3612,positive,0.0,0.8,0.2
baheibayram-64134,8.0,1,0,hellish gasp realization haunt nightmare,week since saw movie think least day every time remember film first imagery come mind gasp realization end heart twisted soul leaf body instant try gasp air last breath takethe traumatic plot twist left deepest impact mind nonetheless message film powerful plot twist consequence civil war devestating abhorrent hate factionalism tear brother nation even turn son film represents true art give sensation lingers foreverin year come ill probably forget happened movie ill never forget sensation hellish gasp,-0.9416,negative,0.249,0.662,0.09
Lejink,6.0,3,4,sin father,many horrific scene violence acclaimed film canadian director denis villeneuve almost immediately see young man shot dead ruthlesslyconducted honour killing later witness busload passenger fleeing warzone lebanese civil war gunned cold blood scant survive attack burned alive bus assailant even young child running back mother bus shot cold blood much later see scarcely believable gutwrenching climax horror take many form unimaginable truth impact number violent scene almost film care mentionthe thing however whether reveal credible youd go way back oedipus tale legend greek mythology comparison must struggled accept believablewhat isnt doubt power storytelling shot washedout colour palette realistic documentary fashion follow two interweaving timeline inevitably converge conclusion first concern depictedaspresentday canada somewhere late elderly woman middleeastern extraction dy suddenly twin son daughter adult age left solicitor employer year letter seem pose separate indecipherable riddle regard birthrightsit set daughter trip mother homeland uncover truth initially reluctant brother joining much later process daughter learns mother amazing life went shock core never diminishing love admiration herthe second narrative take u back mother remarkable story trying escape civil war witness unspeakable horror forced act assassin senior political figure shed assigned language teacher family child inevitably caught jailed awful condition year brutally tortured repeatedly raped captivity eventually made pregnant processi wont say anymore scarcely believable truth slowly dawn twin well im sure watching audience impressed recreation life wartime performance ensemble cast especially lubne azabal mother resolution well coincidence leading fantastical swallow subverted gone make story seem realwhile got big message put horror war mother love ultimately power forgiveness shame sensationalist ending failed much gone,-0.9947,negative,0.26,0.609,0.131
Pjtaylor-96-138044,8.0,2,1,pull close never letting go last frame finally release allows expell emotion one gutwrenched gasp,though sometimes seems though information given u slightly early often lead decent dramatic irony distract thereby make impactful flick big blindsiding final reveal essentially shocking sickening harrowing revelation audience picture principle character massive repercussion serf recontextualise everything came significant yet suitably subtle way mostly making slightly slow pace occasional meandering marred piece youve settled strange pace presentation incendies youre treated increasingly dark exploration woman know dead still strong presence character child slowly learn life alongside u inch ever closer ending haunt memory day tragedy greek proportion set backdrop tragedy meet standard new revelation ratchet suspense plumets u increasingly dire territory unexpectedly grim realism begin perforate entire piece steeping often unspoken sadness thick air mystery get skin pull deeper never letting go last frame finally let slump back seat release emotion one gutwrenched gasp everescalating devestation expectation isnt darkness darkness sake rather exploration character within situation also rare film rest upon withholding information would seem fairly simple yet legitimate narrative reason providing intelligent usually expositionlight way tragedy exists reason indeed tragedy blindsiding unflinching tragedy film know show aid making moment impactful making feel like child poorlytreated mysterious mother learn past youll often find asking thing get worse trust brilliant,-0.9849,negative,0.215,0.684,0.101
Vixo_Six,10.0,2,1,one plus one make one,scene watching movie simply one best story ever told directed denis villeneuve always excellent job ability convey raw emotion precision admirable making every moment feel essential unforgettableradioheads music already caught attention beginning adding unexpected yet perfect layer intensity melancholy experience making even powerful hauntingin summary incendies highly recommended film profound experience remarkable work art absolutely worth watching reflecting long end,0.9758,positive,0.036,0.617,0.348
sheldon26,10.0,2,1,one plus one make one,saw incendies first time canada french english subtitle experience wont soon forget storyline superbly written alternation flashback mother present sibling point view perfectly orchestrated complement beautifully make film perfect twist surprising unpredictable time unrealistic exaggerated especially sister shocked reaction big reveal terrifying seen film know mean overall denis villeneuves best film disturbing family story cant get head film seeing film second time give completely different perspective happens,0.8621,positive,0.125,0.651,0.223
houstoninvestments,10.0,2,1,film blew away,im awe powerful still emotional finishing heartbreaking yet hopeful cinematography sensational rawness movie rarely experienced sheer emotional horror scene delicately balanced hope joy another scene film portrays setting destruction beauty well flow well present flashback throughout great mystery movie much movie one wont soon forget,0.9543,positive,0.144,0.416,0.44
Red_Identity,8.0,1,0,effective contrived,odd one intriguing wellacted wellpaced around isnt though start pick apart contrivance good film ultimately melodramatic taste doesnt mean enjoyable sceneto scene basis though tone probably biggest accomplishment really affect sombering mood u particularly context setting world character living enough remind u atrocity performed human throughout time im sure id call one best film year even best alongside foreign language nominee definitely effective,0.9402,positive,0.061,0.687,0.252
gouthambj,9.0,2,1,incendies heartbreaking masterpiece demand multiple viewing,today watched incendies spending two hour reflecting story must say brilliantly written truly amazing screenplay somewhat confusing effectively maintains mystery keep audience engaged end hat writer director crafting masterpiecethis one heartbreaking story ever experienced surely bring tear end watching multiple timesat least two threewould help fully grasping depth complexityi fan director,0.9602,positive,0.066,0.59,0.344
hanan-77633,10.0,2,1,masterpiece shatters heart,jeanne brother simon embark journey fulfill mother last wish burial way encounter heartbreaking revelation unfolding mother traumatic pastthis movie dont control emotion story sibling searching father woman desperately finding firstborn lost right giving birth man subjected extreme war horror since birth story connect end movie talk many thing ultimately change livessetting plot around muslimchristian war modern yet fictional world movie carry many thing lifechanging many people talk many issue like family resilience love horror war especially war fought name religion pain segregation regret effect bad environment one mental health movie already wellknown critically acclaimed movie strongly believe counted one greatest movie time futurethe first thing make movie masterpiece movie enigmatic epic screenplay feel like modern heroic tale courage patience find one love matter much suffer win end rarely see epic storytelling modern world adaptation movie perfectly accomplishes task shaking soul core nonlinear order storytelling add layer suspense movie see rare combination thrill pain screen repeat movie neverseenbefore lot viewersthe thing make experience lifetime extremely disturbing heartbreaking climax hard go even week watching still messing brain heart soulcrushing three story witnessing throughout entire movie connect agonizing point made anyone cry yes last time cried watching movie year watched year slave six year watching cried masterpiece one hardhitting ending ever imaginedenis villeneuve man behind masterpiece doubt one greatest director modern cinema seen masterpiece well like prisoner arrival dune franchise blade runner movie top work great job done masterful director deserves respect todayall actor acted wonderfully entire movie especially lubna azabal played role nawal acting made everyone connect painful journey instantly one main reason everyone get hooked throughout entire movie lubna azabal made everyone cry brilliant acting performanceat last humble request movie deserves love attention youve loved denis villeneuve movie assure best work till mustwatch everyone,0.9764,positive,0.203,0.538,0.258
Soumyadeep9190,9.0,2,1,make one haunting equation fate,park chanwooks oldboy left breathless twisted revelation denis villeneuves incendies leave paralyzed silence film slowly unraveling curse visual poetry soaked blood love unbearable truththe climax incendies doesnt scream whisper whisper hit harder cinematic scream ever could make one twist shock value logical conclusion perfectly calculated tragedy like oldboy horror lie didnt want believe even possible realizing isvilleneuves direction icy methodical like surgeon revealing old wound never allowed heal control narrative pacing masterful doesnt throw twist make walk slowly watch bloom horrorvisually film stark grounded wartorn landscape become psychological battleground long static shot allow pain unfold real time there melodrama music cue tell feel raw human trauma staring facelubna azabal delivers earthshattering performance transformation across timeline haunting even silence devastates body remembers thing word cannot say supporting cast especially twin bring grace gravity making discovery final letter feel like emotional collapseincendies doesnt end echoesverdict fan oldboy sixth sense prisoner required viewing climax live mind like ghost shock hurt deeply,-0.9326,negative,0.227,0.613,0.16
frankde-jong,9.0,2,1,brilliant opening starting good film,last year denis villeneuve realy prolific director nevertheless somewhat older picture like incendies prisoner still best rated filmsincendies hard review much quality film due plot tense last momentthe film family secret gradually revealed way bit like fiorile paolo vittorio taviani little bit incendies much grim shocking due principle eye eye left rage uncurbedthe film situated two country country origin family probably lebanon country destination canada seeing film one realises much trauma immigrant often left behind maybe one got little patience psychological difficultiesthe opening scene introducing two country brilliant film start lebanon see little boy shaved bald classroom school scene clearly refers opening scene full metal jacket stanley kubrick case boy much younger one boy look straight camera much later film realise true identy scene suddenly cut quiet archive room canada room belongs notary jean lebel contains key family secret,-0.3242,negative,0.134,0.747,0.12
sajjadsherazi,10.0,2,1,movie never forget,another great movie denis villeneuve great story telling jumping different timeline story get better unwinds keeping audience glued screen conclusion,0.9022,positive,0.0,0.605,0.395
mhmd1abd,9.0,1,0,,one plus one equal onelife humanity family resistance extremism freedom x oppression war x peace find everything moviei interested idea one plus one equal two came across idea one plus one could equal onethe ending quite shockinginteresting movie,0.7579,positive,0.084,0.691,0.225
ZenShark,6.0,2,2,enjoy filmmaking dont think much,incendies extremely manipulative plot actually make little sense think basically dont think plot utter lack logic probability sequence event enjoy mood piecebut start think story plot extremely contrived full ridiculous coincidence bordering absurdity plot device move story make little sense especially find something near end movie like want play emotion family youre dead rather give quick closurewhat hold movie together good acting main cast sibling mainly everyone else little even suppose sister best role movie direction try add weight relatively absurd plot,0.73,positive,0.095,0.738,0.167
MusaShinns,10.0,1,0,silence,human dangerous destructive selfish animal earth sat silence minute finishing movie war take people life destroys soul forever cost war never lighta stunning depressingpowerful mystery thriller,-0.9732,negative,0.551,0.417,0.032
malte-neumann,8.0,1,0,stirring experience,beginning hooked movie powerful picture human tragedy conveyed every second scene unmentioned arab nation pure empathic cinema seemingly true local relation essence history inclined give movie even higher rating eventually plot contains twist much taste curb enthusiasm nevertheless great movie stirring experience surely watch,0.8779,positive,0.076,0.656,0.268
jimniexperience,9.0,1,0,mother twin uncovering misunderstood life,excellent storytelling early feature film denis villeneuve renown reinvigorating mysterythriller genre enemy prisoner arrival incendies early first bigger hollywood budget story follows two direction one past one present two twin tracking mother footstep uncover mystery past twin dying mother given two task fulfill bury tradition grave find father brother believe father died religious war waging mother time notary suggest search deeper son hold resentment heart daughter want complete mother wish learn family history lead adventure middle east track various stomping ground mother including childhood village university prison hoping find whereabouts father brother secret identity shocking disturbingmeanwhile story transition past mother life love muslim refugee politics religious warfare area search discovery adopted son various people who heart touched lifetime early masterpiece legend denis villeneuve bravo,-0.3612,negative,0.175,0.659,0.166
DSV1,9.0,1,0,journey fire truth,denis villeneuves incendies masterful blend mystery tragedy historical reflectionanchored deeply human story slowly unfolds like modernday greek tragedy first frame film grip somber tone doesnt let go devastating final momentsthe cinematography strikingcomposed poetic emotionally loaded every shot feel carefully crafted evoking beauty despair score heightens emotional atmosphere certain piece feeling nothing short hauntingthe plot told nonlinear structure yet never feel confusing disjointed instead film move like puzzle slowly taking shapeits revelation timed meticulous precision last ten minute nothing short mindblowing delivering final truth reshapes everything came itincendies political drama mysteryits journey life identity inherited trauma modern epic rooted myth terrifyingly real execution unflinching emotionally harrowing unforgettable,0.4888,positive,0.127,0.684,0.189
artificialgait,8.0,1,0,documentary tragedy,villeneuve crafted undeniably strong intense film incendies impress atmosphere performance yet film leaf somewhat mixed impressionthe main narrative unfolding slowpaced storytelling time feel overly drawn ending though emotionally powerful come across predictable somewhat abstract largely due deliberately unspecified setting key plot twist border fantastical aligns loosely real story soha bechara partly inspired film result conclusion tends blur perception story rather sharpening clarity impactaronofskys requiem dream come mind film even tragic heightened element serve drama story consciously move within space character inner perception illusion without striving strict realism thus internal dissonance arises incendies however combination almost documentarylike harshness sudden abstraction finale creates certain inner inconsistencyit remains important wellcrafted work leaf lasting impression though without question finale constructed style ancient tragedy fate recognition cycle violence remains tightly bound documentary style realism storytelling creating sense internal rupture story seems hesitant fully embrace myth yet also struggle remain grounded reality,0.9153,positive,0.09,0.72,0.19
Shanghai_Samurai,9.0,1,0,stark beauty,stark beauty film villanueva film prisoner enemy sicario mundane curious alike framed like realist painting quietly mathematical storybuilding reaching solution equation well answer make sense well incomprehensible performance lead woman revelation movie going year old like hitchcock fails age mastery showing telling,0.765,positive,0.163,0.515,0.322
vaisaghdilip,8.0,1,0,didnt make cry really shook,miss film yearsa depressing film hit hard every time watch,-0.5574,negative,0.444,0.556,0.0
gavin6942,7.0,2,3,dark root,twin journey middle east discover family history fulfill mother last wishesmany u sooner later get interested family history want know root famous ancestor connection indian tribe maybe something else completely unexpected often journey fascinating spark real interest history connection fellow mansometimes journey good many u middle eastern blood u somewhere go back hundred generation trace path anywhere middle east whole great place film show happen path go askew,0.9652,positive,0.0,0.719,0.281
pratheekshak,10.0,1,0,must watchable movie,one best movie ever watch acting background music screenplay everything excellent last min beyond word expresswhole movie haunt u,0.7351,positive,0.105,0.586,0.309
whistlerspa,6.0,4,11,interesting frustrating time,film got difficult start spent time middle east initial sequence frustrating trying work film set also fictional war christian muslim realistic added confusion couldnt normalise film thenonce got accepting work fiction alternative history became easier take faceout kilter value story poignant depicted human trial realistic gritty mannerthe story set around nawal lebanese woman first child taken birth year later canada nervous breakdown leading death charge twin search father brother know give letter sealed envelopejeanne daughter prepared brother simon reluctant set alone middle east begin searchill say regarding plot except search uncovers surprising event mother past traumatic conclusiongiven volatility region story set event depicted could well happened would send child mission believableoverall cinematography beautiful thought script acting excellent good film opinion great one saying,0.5106,positive,0.16,0.659,0.181
Rockwell_Cronenberg,5.0,32,41,solid premise dreadful structure,incendies mixed bag felt like negative aspect really bore positive one solid side thing denis villeneuve real knack storytelling eye imagery truly gorgeous shot dug deep brain haunting beautiful managed elicit strong reaction methe premise story quite intriguing one upon mother death two twin discovery father alive brother never knew set upon quest reveal truth casting lead dont think could found skilled actress lubna azabal melissa desormeauxpoulin job woman rarity modern cinema strong fierce fully stood belief decision powerful see strong woman actress portray level gusto perseverance requiredwhere fall apart though structure incendies another many dozen film year employ splittime narrative structure yet another example improperly section detailing twin journey truth mother past journey never feel like mesh well end feeling like two completely separate film first wasnt bad film progressed space two grew apartthe last act really derails present day huge discovery made already knew lack sense emotional catharsis character receive past see event character already know becomes retelling thing already aware final act bizarrely awkward display throwing everything audience quick succession place film slowly building point felt though didnt want end three hour long threw together half film worth information half hour end feeling awkward disjointed completely lost time credit rolled,0.986,positive,0.102,0.655,0.242
tincmvd,10.0,1,0,plot revealed end shock,despite cruelty also emotional moviestuck rib day aftercinematography amazing taking u step step story form different main character point view,0.7581,positive,0.059,0.656,0.285
dwezay,10.0,1,0,still haunt,yr movie still give trauma writer must heart stone cuz normal people cant handle pain writting story look realistic painful watch one deserve god cant cruel watching every movie think movie bt one say ending literally shaking cant move thinking plot twist kudos every actor director masterpiece wish naval never saw dot die happily bt end moviegreat movie,0.954,positive,0.094,0.594,0.312
FaruqueShahriar,10.0,1,0,devastating journey identity war,incendies one film leaf speechless heavy deeply reflective denis villeneuve craft haunting story family secret scar war journey twin trying uncover mother past gripping layered emotionally shattering film doesnt tell storyit confronts brutal reality human conflict cycle hatred shocking revelation hit like punch gut yet everything feel tragically inevitable cinematography raw pacing slow purposeful emotional payoff unforgettable masterpiece challenge long end,-0.9304,negative,0.277,0.589,0.134
Movi3DO,8.0,1,0,devastating,one plus one make onewhen mother died left envelope twin job find missing brother fatherthis devastating movie throughout runtime plot switched back forth past mother present twin tried learn mother flashback brutal scene denis villenueve great direction cinematography showed harshness devastation land civil war raw bit low quality camera enhanced harsh atmosphere even one harshest scene one bus need background music see unforgiving brutal scene movie whole wasi would lying said hooked whole movie slow took time character explored mother past bit dragged mewhen twist hit initially refused believe mind couldnt like oldboy right gosh fell silence rest movie panned outoverall great movie intriguing unexpectedly brutal plot,-0.9888,negative,0.323,0.62,0.057
ahmed-23625,10.0,1,0,movie,hope didnt happen real life since middle east get enjoy even way filmed movie stunning,0.8271,positive,0.0,0.58,0.42
StudioDude99,8.0,2,2,top ten film time,denis villeneuve probably prolific director working today film masterpiece denis incredibly deft directing actor show film writing masterful taut great thank making film sir,0.8934,positive,0.0,0.662,0.338
Jerghal,6.0,3,8,root evil,film vote imdb instant classic masterpiece cinema film remember rest lifeor would think well twist story could say cleverly written make defect film slow character going though motion discovery none make interesting scene didnt care much character certainly failed identify sympathize basic requirement liking film story take place unidentified middleeastern country apparently didnt want offend middle eastern people think whatever religion surprise surprise basically root cause evil happens protagonist sum element add great film even turned min day gathered enough courage plow remainder film get bit better slow start advice film youd think perfect there always thing personal taste,0.9544,positive,0.123,0.615,0.262
leahkirkness,10.0,1,0,sorry telling best,every movie come along reminds importance good story telling beautifully shot wonderfully acted narrative forget sat silence end movie appreciating watched processing go watch thank later,0.9477,positive,0.048,0.483,0.468
alexyf,1.0,20,23,triumph cynicism,perfect example propaganda want fake movie pretending based real strory demonstrate easity black could washed white white could stain,0.0772,positive,0.2,0.549,0.251
freebirds-36525,9.0,1,0,beautiful heart breaking movie,one movie make realize reality world journey war love oppression human evilness weakness captured movie surprise plot twist along sad reality present still depicts human reality ever behind cell beyond country border beyond human highly recommended,-0.7584,negative,0.271,0.565,0.164
iangancas,10.0,1,0,cant think one critique,film visuals sound stunning shocking script incredibly poetic actor delivery gut wrenching movie ability war ripple society time certainly would recommend film story telling incredible one movie leaf awe end,0.296,positive,0.163,0.594,0.243
dfranzen70,9.0,1,0,nowadays itd best picture nominee,blown away one grown twin tasked late mom part track real father heretoforeunknown older brother trail lead unnamed middle eastern country early villeneuve arrival sicario masterful particularly loved technique focusing character face experience happening around give u chance read emotion moment strong acting twist ending sure never saw coming,0.8955,positive,0.0,0.789,0.211
gradyharp,8.0,2,4,simply scorching blistering,incendies began play name wajdi mouawad opened cinema author assistance canadian director denis villeneuve consultant valrie beaugrandchampagne result staggeringly powerful film whose story well revealed cast sterling actor telling much plot would disservice come experience first time viewer opinion simply one finest film decade bound become permanent part cinematic librarythe opening film reveals many clue direction story take stark room young boy hair shorn one boy tattoo heal three aligned dot achilles tendon unsettling beginning camera move canada office notary jean lebel rmy girard responsibility executing secretary nawal marwan lubna azabal illuminating performance play entire film presenting nawals lebanese canadian twin child jeanne mlissa dsormeauxpoulin simon maxim gaudette marwan divide nawals worldly good equally child describes detail deceased mother buried naked face coffin unmarked grave provides two letter charging jeanne simon find father brother even know existed remainder film move back forth past present twin attempt find living relative story nawals life unbelievable nightmare nawal christian lebanese lover palestinian lover killed realizes pregnant shaming family thus forced give boy child orphanage grandmother sensitively tattooed three dot heel future recognition point nawal becomes mathematician hired killer imprisoned tortured becomes mother twin trace clue detective follow rocky road nawals life make discovery astonishingthough lubna azabal clearly central star film entire cast particularly mlissa dsormeauxpoulin maxim gaudette twin exemplary little tragedy nawals life spared power come moment discovery truth life lie quiet shock eye twin amazingly powerful film keep audience tension level high making surprising ending much powerful cinematography andr turpin manages capture vast power middle eastern desert village well moment intimacy musical score grgoire hetzel enhances atmosphere story line subtly end sensitive direction denis villeneuve brings human tragedy story alive highly recommended grady harp,0.3354,positive,0.103,0.772,0.125
slut4movies,10.0,1,0,piece art,one best movie since existence plot unbelievably genius acting superb setting meticulously chosen music decor etc looking cry eye scream side movie originally frenchcanadian arabic might suitable everyone dont mind dubbing subtitle ignore remark topic could triggering concretely depicted film make sure check okay topic listed keyword section overall incredible heart breaking raw story beautifully presented indeed hard sad,0.6872,positive,0.164,0.626,0.21
karlericsson,1.0,31,41,mess,beginning end film mess would write herhis child endanger find found since already known anybody completely stupid film script like imdbusers know nothing film obvious would never given film one star must tough anything crowd like determining good bad,-0.5095,negative,0.219,0.626,0.155
little-lou1984,8.0,1,0,wow,already seen twist talked article didnt take away power filmonce get used switching timeline easy enough follow picture grip start finishthe gut clearly run female line family simon bit whiner jeanne bold brave dignified like mother acting good film brutal place war brutal nawal went life unbelievable close losing life many time refusing broken end seems broken heart got hera really powerful film,-0.4033,negative,0.266,0.475,0.259
barralmagaz,9.0,1,0,,nawal lubna azabal dying middle eastern woman living montreal leaf separate letter twin child read pass away jeanne mlissa dsormeauxpoulin deliver father twin never knew simon maxim gaudette give brother never knew sibling travel middle east separately experience act brutality uncover startling family history revelation,-0.5719,negative,0.083,0.89,0.027
lee_eisenberg,10.0,6,9,arab spring origin,world attention throughout much year focused uprising arab world tunisian people forced country dictator flee egyptian people overthrew hosni mubarak protest continue bahrain yemenhowever important understand root uprising denis villeneuves incendies show example movie focus nawan marwal lubna azabal arab immigrant quebec whose final wish son daughter give information father never met brother never knew existed begin childrens journey find mother fled native countrythe native country never identified although appears lebanon finding nawan saw native country told flashback see ugly stuff movie leaf practically nothing imagination part childrens learning family history certainly horror nawan witnessed give audience idea arab world rising past six month respect probably would appropriate give incendies best foreign language film good movie although gutwrenchingalso starring mlissa dsormeauxpoulin maxim gaudette rmy girard allen altman,0.7717,positive,0.081,0.785,0.133
setare71,7.0,2,5,good,good movie predictable could predict end movie,0.4404,positive,0.0,0.674,0.326
miamijunge,10.0,3,3,best movie ever,probably watched movie ten time counting time shown friend every one loved movie liked started little bit slow didnt know dealing significance initial scene would throughout movie first scene child whose hair shaved ugly file room man standing read two protagonist hmmm definitely boring movie approximately five minute movie hookedi admit though watch trailer attracted movie part mentioned mother crazy enough entice watch throughout movie facial expression display emotion actor especially one lubna azabal stunning made immediate fan acting superb movie aroundthis typical movie typical feelgood storyline something new refreshing something seen movie made hollywood good plot nowadays recent hollywood movie memorable opinion doubt precious plot unique said usually underwhelmed lack good plotstorylinetwists shocked overstep imagination order somehow come twist watching incendies great experience movie made go search nonhollywood movie left righti read review criticizing thing lubnas accent scenery didnt match every aspect lebanon presumed country taking place disagree finding fiction percent perfect know fiction understand tolerate fact plot development culmination unrealistic thats art movie came play correct might well criticize play instead moviecompared crap hollywood feed u time say movie probably one best ever made could give movie really deserves,0.9824,positive,0.112,0.663,0.225
athena24,6.0,2,5,excellent direction emotionally disjoint ending biased,whoevers review reading everybody seem agree superb technical aspect movie scenery camera work impeccable delivery lubna azabal nawal marwan tense emotionally chargedthe split timeline however mixed bag although childrens timeline added narrative story stole screen time mother timeline far compelling fact nothing really occurred childrens timelineas twist didnt find shocking maybe contrived maybe comparing prior occurrence anticlimax wasnt bad didnt feel strong resolution eithermy biggest complaint evident bias presented movie regard atrocity done fighting party tried explain nawals point view kept accumulating one sided interpretation war personally find irresponsible,-0.1764,negative,0.163,0.689,0.148
walterradunsky,2.0,35,49,another muslim propaganda film,understand attraction incendies well crafted element film including beautiful cinematography superb acting story immediately draw viewer world troubled character find inexplicable well frightening many people seen incendies appear incapable seeing ie muslim propaganda film protagonist story arab christian character clearly serf purpose medium illustrating completely unprovoked evil people muslim portrayed film perfectly innocent victim one could possibly imagine worth noting lead actress incendies also played major role paradise palestinian film jew portrayed unprovoked tormentor muslim people fact incident violence muslim nonmuslims long indisputable history muslim committing act violence upon nonmuslims ive seen much passion beauty poetry film written muslim unfortunately never seen single one even attempt show sympathy whatsoever nonmuslims place responsibility whatsoever upon muslim people kind problem facing equally disheartening many peopleincluding object lopsided demonization portrayed many muslimmade filmssubscribe blatant hatred lie,0.7976,positive,0.199,0.553,0.248
bbewnylorac,9.0,3,3,great film,one achievement excellent film make think war make think many people migrate west complicated personal story influence life today see tv news woefully inadequate representation actual human impact war intelligent woman centre film bad luck born brutal inhuman time history even brutal family try best survive youve got empathise level film many twist turn plot even left cinema wasnt sure id understood side particular time responded made want know lebanese history beautifully made film well recommended,-0.7237,negative,0.245,0.547,0.208
rishabnambiar,10.0,3,3,one best plot twist cinema history,ending movie shocking gut wrenching twist ever filmed denis villeneuve geniusmost people love work prisoner blade runner arrival etc incendies another level due respect film,0.2732,positive,0.18,0.609,0.212
lord_91106,9.0,3,3,exquisitely beautifully brutal via contrived plot,movie beautiful view emotionally brutal end via heavily contrived plot cinematic treasure invited innocently firsthand view ravage civil religious war otherwise normal society played within stunning rugged countryside walked scene scene central character guide view reality war people suffer learn hate exclude central character even responds terrorism focused retaliative vengeance upper level story second level far far darker oedipus legend steroid analogy could made central character turning violent revenge way compensate loss instead revisited horrifically decided action shadow horror offspring parallel even exceeds downward spiral track malice happens movie could ever happen truly dramatic stretch exceeding even greek myth maker therein balkfurthermore loving even transcendental deathbed reconciliation enounced main character together everything seems matter many time try normally wildly idealistic mind idiotically simple cover travesty befallen tale swallow forgiveness christlike christ,-0.9705,negative,0.255,0.587,0.158
michaelradny,9.0,3,3,incredible,incendies quite extraordinary film whilst find wondering thought start taper something engaging riveting begin flow possibly one best film ive seen frenchcanada film may well blow mindincendies offer new twist turn every chapter end hard get started take eye captivating sequence held film good job storytelling also hold incredibly well commentary war religion family,0.7984,positive,0.084,0.709,0.207
eloveharris-1,9.0,4,6,emotionally engaging mystery drama,husband impressed emotionally engaged throughout whole film even though seen play scorched considered best play deep meaning seen year let recommend play whether youve seen movie someone said play hour long may dont remember boring moment though remember part arent movie movie nonetheless whole completethe character mother twin daughter son extremely sensitively portrayed actor without flashback emotionally distant confusing parenting received mother able imagine wound received compounded complete lack knowledge reason daughter jeanne seems dealt becoming student pure mathematics professor ta welcome student world abstraction solitude brother simon simmer rageafter mother death embark journey discovery mother stipulates cryptic startling instruction journey lead first jeanne eventually simon lebanon discover origin mother wound little little learn difficult understatementlife young adult country unforgiving moral standard young love relationship war viewer see difficult life mother flashback coming age horrendous circumstance child present day learn tortured life determined strengththe movie play provides audience opportunity see may lie hidden behind face distance withdrawal rage others encourages compassion others whose demeanor simply survival mechanism deal wound may know understand also let one experience vicariously thankfullythe horror war especially war based revenge personal tribal atrocity make u whole compassionate less quick judgement good bad complicated world,0.344,positive,0.174,0.623,0.203
jack_o_hasanov,8.0,3,4,wow,wow never expected ending stunning wow denis excellent job,0.8783,positive,0.118,0.271,0.611
rightwingisevil,8.0,2,5,wow great movie,movie forever imprint memory story could never believe movie based adapted play screenplay storyline scenario one best ive ever seen complicated yet shocking end time obvious plain sight like plot imdb title french mean destruction fire scorched english refer greek tragedy oedipus fable oedipus theme inadvertent relationship mother son end disaster show ancient taboo unacceptable direct bloodline relationship oedipus punished committing already existed ancient taboo blinding sequel oedipus antigone four child also punished parent entangled bad incestuous original sin could even link movie title incendies far away incestuous crime punishment oedipus didnt see movie oedipuslike guy blinded eye banished wildness antigonelike young female mathematician twin brother tormented troubled finding discovery myth originthe thing clearly portrayed movie war location war period war also racial religious conflict mother first love seems beginning singing womanprisoner combination oedipus antigone mysterious punished unseen fate first romance affair well vague war war first looked like independence war declared algeria french became confusing war palestinian israeli research actually lebanese civil war christian muslim killing side blindly manipulated force around oncelikeparadise wartorn country beginning movie clearly told lebanese civil war giving u exact time frame localitythis unsatisfactory confusion movie directing casting performance played two actress topnotched failed win best foreign movie best screenplay best directing best cinematography best female actress best supporting female actress oscar biggest shame hollywood u movie abovementioned category meantime watching great movie also understood greatness catharsis really meant also inevitably realized two mother evil world religion war caused religion ethnic differenceslet sleeping dog lie somehow might best way deal life never look back let bygone bygone never believe truth set free sometimes truth kill past really important hell dna actually important move,-0.9919,negative,0.296,0.507,0.197
codchops,10.0,3,4,truly masterful piece cinema,went knowing anything plot knowledge nominated best foreign film oscar undoubtedly one pleasant surprise film ever given mei go plot spoil anything pleasure seeing say definitely one best film ever seen direction superb breathtaking shot rundown war torn middle eastern landscape score containing various work radiohead fantastic really set bleak tone movie perfectly ill honest admit recognise actor actress exceptional particularly lubna azabal gave one best performance seen long time really encapsulated dire situation found inif enjoy work alejandro gonzlez irritu youll love bleak dark gritty thoroughly captivating,0.9911,positive,0.09,0.52,0.39
liam_parsonage,5.0,10,10,deserved top film ever,cant quite see made top film time possibly im english speaking message lost translation script wasnt compelling dialogue basic maybe due translation subtitle really dont like mix fictional location real life location blur line much viewer lost geographically within story made doubt authenticity judging review left lebanese people poor representation event mother played role really well actor quite forgettable really generally agree lot user review imdb one isnt personally,-0.5602,negative,0.172,0.712,0.116
suvopyne49,9.0,2,2,emotionally exhausting experience,incendies belongs rare breed film induce tumultuous surge emotion spectator engaging narrative jerry seinfeld said show seinfeld add humor show undoubtedly leo tolstoy wanted name novel war good instead war peace maybe rhetorical question book title would apt tagline portrayed filmwhat set dennis villeneuves incendies apart film postwar trauma underlying theme spectrum human relationship constructed screen film start twin brother sister jeanne simon receiving recently deceased mother nawals funeral wish wish need fulfilled child proceed burial two different letter twin asked locate father halfbrother would later find called nihad initial reluctance refusal foreboding brother jeanne finally set upon journey would uncover truth several different realisation taking audience itin incendies villeneuve never loses grip get hold first minute narrative mother daughter tracing path middleeastern country different perspective scenario civil war shown infliction protagonist compared lebanese civil war place horrific memory mother visited daughter thus blending two timeline narrative sense dj vu channeled film one point viewer along jeanne would forced ponder whether oblivious truth blessing notif screenplay heart film oxygen provided cast keep pumping lubina azabals nawal marwan tremendous feat acting important performance accordance story protagonist tempestuous journey film mlissa dsormeauxpoulin jeanne far behind either apart standout performance film bolstered performance rest cast akin neorealist filmincendies intense brutal one get nothing hit harder truth come nowhere want hear incendies quite achievement becomes incessantly difficult revisit first scene nihad child would leave selfjudgment introspection radioheads whose army add cause,-0.7998,negative,0.139,0.733,0.128
mimidjukic,9.0,2,2,want point two thing help enjoy brilliant movie,two thing want say first know movie based play many seem ignore play also written french therefore named incendies scorched writer one favourite person world name wajdi mouawad could stop calling mouhad would make happybut second important thing want say regard review criticized ending movie farfetched killing going top probably would agreed little prior knowledge mouawads work feel need point greek tragedy part trilogy piece linked aspect theme gather two piece called littoral coast fort forest chance read bit work including incendies saw movie aware greek tragedy despite setting see different light maybe seems strange work besides genius always rightnow ive got system skip recommending movie heart swear saying quebec like spelling grammar mistake havent tipped emotion wont need subtitle pierce screen choice scenery colour imagery mostly everything plot really make worth seeing love fact movie represents quebec cinema international scene love play drive deep middleeastern world without exploiting terrorism issue mediocre way love fact isnt set anywhere particularly learn review mouawad inspired lebannon conflict doesnt change fact country nation human,0.9177,positive,0.13,0.666,0.204
Forest-G,10.0,2,2,powerful film,disappointing incendies didnt get oscar becauseincendies one powerful movie ive watched far probably powerful one cant remember last time movie made speechlessthat sceneomgbest french canadian movie opinion even thou watched far p doubt incendies best french canadian movie year come masterpiecethe story twin go middle east search brother never knew mother request fascinating truth unfold one one didnt expect comingthe ending shocking one yes powerful masterpiece amazing writing flawless think logical flaw technical flaw damn u make artist also something make audience figuring truth even flaw incendies still movie,0.9735,positive,0.094,0.612,0.294
netranger-44074,10.0,2,2,masterpiece,come never heard movie till arb man totally relate matter shocking movie still didnt represent size tragedy happened lebanon still happening country area right,0.2336,positive,0.103,0.728,0.17
avik-basu1889,7.0,1,2,brilliantly directed portrayal life time chaos marred flashy climax,incendies film directed denis villeneuve adapted wajdi mouawads play name screenplay co written villeneuve valrie beaugrandchampagne film plot epicfeel film take place lengthy spell time covering large number year film star lubna azabal nawal marwan mlissa dsormeauxpoulin maxim gaudette nawals twin child jeanne simon respectively nawals death jeanne simon get informed mother left two letter one respectively learn father alive brother whose existence unaware jeanne supposed deliver letter father simon supposed deliver letter brother mission take individually unnamed middleeastern country try piece together clue gather information mother pastthis film becomes tough watch time villeneuve really go gritty stripped depiction like survive country divided hate experiencing civil war film brilliantly directed villeneuves brutal guerrilla style shooting reminded alfonso cuarns style child men theme film range absurdity hatred borne religious diversity element immigration show sorry state life child country region devastated war life pretty much end even begin film also underline concept showing people living financially well country privilege sometimes forget acknowledge acting brilliant main player special mention given lubna azabal fair portion narrative film rest shoulder screenplay cleverly written film doesnt give information exposition happen gradually narrative shift mother daughter constantly godfather iiesque manneri would probably given film ending shocking revelation end genuinely unexpected impact youre watching film start think becomes difficult buy extent might meaningful thematic standpoint film directed aggressively realistic manner even symbolism literal believability context plotincendies well directed well acted film war hatred intolerance hardship living ultraconservative unstable society film impact make ponder life ending film eye hinders making transition good great,-0.765,negative,0.169,0.673,0.158
HenRex,8.0,2,2,powerful opening sequence long time,film begin look like defunct school window broken pan inside look kid getting buzzcuts kid young dried flake blood face one particularly young kid black eye although dont know came going happening get sense major human tragedy taking place right eye adult standing guard loaded rifle heavy duty boot seemingly protecting kid making sure stay place gripping sequence camera center young boy currently hair cut scene painfully slow point boy look u audience defiantly demeanor appears understandably angry scene lasted long enough evoke empathy see underneath glance accusatoryjaccuse looking nothing incendies may one emotionally powerful introductory sequence movie watched long time,-0.8658,negative,0.141,0.794,0.066
YellowManReanimated,7.0,1,2,expected,seen sicario anything whimsical comment made film director general expected something convoluted cack handed effort emotional drama sure cinematography excellent acting exquisite middleeastern landscape lovingly captured story preposterous undermined real suffering occurred continues occur wartorn area middle east right hackneyed letter device beginning film started worry ooh person speaks grave greatest gift inexplicable throwingup life child really youre going drop everything including burgeoning career whatever else going wild goose chase behest emotionally distant possibly unhinged mother decision seemed incongruent assume child sane balanced individual certainly meant perceive daughter along mother emotional centre film clearly made something life excelling field result incongruence youre left emotional centre losing impact character start come plot device add brother lawyer category used expose upon mother fantastically tragic past tie together exaggeratedly distressing chronologically mindboggling familial history loved music setting acting way film shot pacing little time constant transition mother daughter threatened become jarring beginning film worked well even seemed channelling godfather part ii time true villeneuve real command craft film ive seen show thing really problem however story unnecessarily absurd overthetop villeneuve stick realistically hardhitting fare future mention sicario hell serve talent much better view,0.8896,positive,0.141,0.667,0.193
SquigglyCrunch,9.0,2,2,fantastic,super excited see incendies watching denis villeneuves latest film sicario disappointed despite different movie plot simple yet compelling way presented flashback mother life switching back jeanne journey really cool way although got confused time beginning whether watching flashback caught quickly sure little slow first bit get get whole lot interesting character pretty welldeveloped audience knowing exactly theyre like getgo isnt whole lot depth there enough keep interested incendies similarly sicario brutal villeneuve hold back something admire he willing show movie unwilling made movie feel much real despite fact yellow subtitle across bottom screen overall incendies nothing short amazing plot intriguing character solid brutality make much immersive one scene make break movie perfect example one scene made movie interested give watch great didnt like thats really bad missing something great personally would highly recommend check well worth time,0.9781,positive,0.122,0.594,0.284
rosepol,8.0,6,16,manichaean,liked clint eastwood spaghetti western film slow lingering shot unimportant symbol mention moralist truism end nothing movie highlight desolate scenery feature endless graphic gore turn revenge celebrates stonefaced actingplus film woman good men bad lebanon palestinian refugee camp good christian amorally ethnocentric trying uphold traditional value war bad except topic film case lead selfdiscovery good,-0.4653,negative,0.257,0.523,0.219
h-28658,8.0,2,3,still like,strange casting decision confusing narrative arc protagonist seemed completely inconsistent character portrayed plot relied multiple borderline implausible coincidence still liked,0.0258,neutral,0.157,0.723,0.119
scottingdude,8.0,1,2,right time indian watch,watched movie today think coincidence karma believe india right moment movie like seen last week entire india seen mass protest violent demonstration govt view merciless gangrape left year old victim battling life incident one odd rape occurred delhi national capital india year alone course resemblance movie except fact rape inhuman crime make u wonder whether human race become like animal crime extent applaud writer director bringing shocking form give repulsion almost make want puke know movie going keep thinking day hope others india also witness movie coming day govt decides whether rape requires captive punishment seven year imprisonment suffice,-0.9864,negative,0.328,0.574,0.098
christophe92300,4.0,12,14,badly structured improbable outcome,story dreadfully drag good hour false rhythm favourable boredom plot accelerates last minute unfortunately regain interest completely annihilated highly improbable aspect outcomethe narrative structure therefore turn blurry feeling emphasized confused editing alternating past present example get mother daughter mixed especially beginning resemble much temporal referential isnt clear never period much time passedmoreover importantly nothing explained regarding historical context lebanon offered raw data isnt supported unless youre aware civil war episode movie tell nothing subject even though occupies primordial place storytherefore hard understand enthusiasm incendies raving critic arouse since content weak hardly compensated rather catchy photography seamless direction,-0.916,negative,0.235,0.661,0.104
srakesh-851-115038,10.0,2,3,burn mind never seen anything like,incendies scorched dark powerful haunting thrillerdrama canadian director denis villeneuve leave plot line benefit audience film frencharabic english viewer go subtitlesthe film share secret layer youve watched one layer think youve seen youre presented another far complex visceral previous one forth film explodes shattering climax leave reeling remember stunned credit rolled never recovered decided dvd havent watched great thriller yearsthe direction cinematography work art acting excellent lubna azabal phenomenal finally film everyone youre open minded movie lover doesnt mind taken new journey incendies ride never forgetthank denis making film,0.8912,positive,0.099,0.729,0.171
grantss,8.0,2,3,intriguing drama,intriguing drama nominated best foreign language film oscar hard get first start slowly without clear direction quite offputting look like going hour driftinghowever point becomes intriguing mystery plus becomes exploration religious intolerance effect civil war civilian population punch pulled war scene searing graphicthe conclusion quite incredible term unexpected perverse twistsnot perfect though already mentioned start slow feel padded importantly part plot especially towards end seem bit forced contrived plausible ultimatelystill great movie intrigue build build,0.4175,positive,0.173,0.635,0.191
shahe-512-458330,10.0,2,3,mind blowing,incendies one movie intended watch problem watching movie reading novel different wanted make sure wife watch saw one movie watched stopped dvd several pause order grasp saw ending movie resolution story finally find father brother amazingly shocking haunt forever horror never seen heard thought blew mind awaywhile mix different subject beautifully woven single movie well cinematography story telling movie ranked top ten list editing amazing going different time zone acting woman absolutely stunning congratulate whole crew made movie perfect best luck yet another mind blowing story waiting suggest movie brave heart like disappointed time time even thing think know truth righteous personali gave point although want categorize making movie ranked way different simply loved movie would like everyone watch itthanks,0.9831,positive,0.106,0.593,0.301
3xHCCH,8.0,3,7,excellent story told best possible way,knew movie one nominee best foreign language film year oscar award incendies scorched english canada dialog mainly french several middle eastern language thankful movie got oscar nomination else would missed wellplotted executed dramatic filmthis movie start slowly reading strange upon death mother instructs twin child deliver mysterious two mysterious letter father brother never knew upon accomplishment request allow tombstone name engraved placed top grave quest brings twin jeanne simon comfort montreal canada harsher world lebanon discover intricately tragic life mother haddespite slow pace story compelling story shift present past back following life nawal marwan childrens quest intently follow progression story fact unfold piece piece jaw dropping major revelation towards end director handle story much control audience interest attention held end story told best possible wayan excellent film compared eventual oscar winner better world would say film incendies better film,0.9729,positive,0.095,0.679,0.226
meddlecore,10.0,2,4,brilliantly constructed dark disturbing mystery,denis villeneuves incendies adaptation wajdi mouawads play scorched film soul put restthis dark mystery disturbing yet moving tale mother narwal marwan lubna azabal twin son simon aka sarwan maxim gaudette daughter jeanne aka janaan mlissa dsormeauxpoulin mother death two sibling sent lebanon investigate mother past final wish plot film unravels flashback past cinematically woven together image twin modern day investigation nonlinear fashionthe film begin reckoning death narwal twin child called trusted notary jean libel rmy girard narwal worked many year prior death reading sibling given letter left task must accomplished mother allow mark grave stone sort recognitionsimon dealt task tracking brother jeanne mathematician work unsolvable equation realization woman mother meant entrusted task tracking father thought back lebanon country mother emigrated simon first think mother gone insane jeanne intrigued impossibility task hand head lebanon see find possessing two name old photographas jeannes investigation progress shown flashback narwal life lebanon come canada flashback provide u information prior twin becoming privy allow u put mystery together one step ahead although villeneuve cleverly try throw u jeanne put thing together wrong first half filmby mean think wahab father abou tarek father brother know clearly cannot caseas jeanne joined brother becomes evident quest sent journey discover truth mother really also one selfdiscovery soon realize exposing truth story well ultimate closure sibling could achieve mother mother themselvesthe twin reveal mother christian woman living lebanon time tension muslim christian nationalist community becoming increasingly strained violent discover fallen love become pregnant muslim man bringing disgrace ultranationalist family forced give child brother dedicate rest life tracking downas two delve deeper lebanon truth discover hardship mother endure run town family set find orphanage son sent find razed local warlordwhat happens next combination conclusion give film titlein order continue search son narwal needed get town daressa manage required disguise islamic woman catch bus bringing group muslim passenger town able reach destination though bus stopped checkpoint group armed christian nationalist inexplicably pepper bus bullet killing passengersnarwal manages survive alongside woman daughter men start cover bus gasolineshe choice reveal christian men spare life force watch horrific massacre unfold includes woman burned alive young daughter shot cold blood right eyesashamed action people greatly traumatized event experienced narwal give search lost son join muslim revolt agreeing assassinate leader christian nationalistsher child discover successfully assassinated man also arrested imprisoned tortured included raped repeatedly year one country infamous prison became known woman singsas twin wrap investigation get bottom story sent expose hit series disturbing revelation mother lost brother father even love villeneuve foreshadows prior revealing cryptically scene explaining concretely film conclusionwith incendies villeneuve brought u brilliantly constructed dark disturbing mystery allows u viewer sleuth half fun wonderfully shot film lot stationary shot distance possess sort haneke vibe entire cast excellent job belgian actress lubna azabal really steal show top canadian film must see,-0.9733,negative,0.166,0.704,0.13
gbarberi,9.0,2,4,note subtle line math,jeanne math assistant ebrew professor say intuition good mathematician notaire maddad later say warlord memory revenge added one arithmetic precision simon explains astonishment enigmatic equation jeanne suddenly get truth without even asking confirmation great intuition indeedmaybe tribute arab culture brought u mathematics war violencethis movie masterpiece balance actual scene violence bus fire thereafter fire title many purifying scene water swimming pool,-0.4215,negative,0.201,0.633,0.166
kylescott-49830,10.0,1,1,beautiful,denis villeneuvea movie far best movie wow entertainment value movie like script writing beautiful yet tragic difficult imagine masterpiece came movie end remain mind forever must watch anyone enjoys power cinema storytelling villeneuve capture pain love loss crafting movie captivate audience leave speechless end im left thinking movie deserves much higher imdb top many movie absolutely floor like incendies achieved,0.9756,positive,0.134,0.479,0.387
cinish,10.0,1,1,gut punch,hardest hitting movie ever seen enough drama small film industryexcellent controlled direction mind blowing performance close ups along capturing depth pain protagonist excellence performersincredible script adaptation playthe tale structured series chapter chapter intense enough drawn moviesdune nothing compared incendiesediting work excellent sound cut flawless chapter connection exquisitely scriptedonce done movie consider protagonist would shudder looking atexcellent cinematography casting great chapter switch past present similarity mom daughter result well thought castingevery single character actor performed hisher part fault actually hardly choice vilnevue intensely camera gazing facethe detailing incredible many slow moving shot reason slow need looking detail closelyso much packed two hour pure mastery,0.8885,positive,0.067,0.779,0.154
VLE0808,8.0,1,1,holy cow must see,movie great play two separate timeline way thats relatively easy keep movie rough time show ugliness war middle east back probably gory seen movie far disturbing twist turn throughout huge shock movie never saw coming cannot even imagine situation whats really profound movie realistic scenario something nobody would say oh would never happen real life absolutely could,-0.4215,negative,0.182,0.66,0.158
andrewchristianjr,9.0,1,1,complex dark heavy,rd time watching incendies one movie wish could forget could watch amazingly emotional story gritty gutwrenching shocking,-0.0018,neutral,0.207,0.586,0.207
MxS7HGS,9.0,1,1,love,incendies directed denis villeneuve haunting emotionally devastating film unfolds compelling brutal narrative dual timeline follow twin jeanne simon journey middle east fulfill mother final wish revealing shocking revelation poignant flashback cowritten villeneuve film showcase prowess despite occasional narrative lengthiness set piece location create raw atmosphere enhanced gritty cinematography despite editing opportunity convincing performance brilliant score including complementing radiohead single contribute film impact incendies skillfully crafted exploration love hatred warfare culminating disturbing traumatic finale haunting masterpiece gem world cinema stand among finest work time offering profound cinematic experience highly recommended,-0.8223,negative,0.26,0.539,0.201
moritzherz,6.0,1,5,better expected,past seen critical acclaimed movie directed denis villeneuve honest issue moviesbut inscendies prooved wrong movie tell great story without getting boring film like blade runner arrival sicario could achieve maybe best movie overallthe acting solid set look real technically nothing critiziseit bit challenging follow movie original language avalaible french subtitle nice cannoz fully compensate synchronisationin end choice watch movie definitely must watch bad either,0.9339,positive,0.119,0.588,0.293
SAMTHEBESTEST,9.0,1,1,mind shattering heart dissecting masterpiece unbelievable tragedy wow,incendies mind shattering heart dissecting masterpiece unbelievable tragedy shaking writing wow wow wow saw unthinkable could film tragedy totally squeezed heart completely shattered mind canadian film teach one unique storytelling method modern cinema seen film multiple plot mostly thriller either open connect plot end incendies particularly kind film call thriller want new achievement storytelling uniqueness damn high incendies multiple plot involved one narrative unlike film keep storytelling either straight forward reverse film introduces unique new method main plot run reverse present past sub plot run reverse mode mindblowing havent seen film plot running opposite direction yet making sense high accuracy incendies wanna thriller begin many unanswered question keep unfolding many fact subsequently thriller powerful tragic tale climax watching many top class thriller couldnt predict would happen climax thrilling already shocking heart wrenching acting wise every actor film great job make one look realistic artistic film screenplay slow couple flaw pale excessive tragedy end havent seen denis velleneuve film read many comment best film cannot agree watching incendies eager watch film left impact short masterpiece must watch rating samthebestest,0.9722,positive,0.123,0.633,0.243
Rk-mani,8.0,1,5,incendies movie strike stick controversial plot,oscar nominated film among foreign language film score movie search parentage fulfill mother last wish across mile time story start demise lead protagonist nawal marwan lubna azabel last wish twin daughter jeanne marwan poulin son simon maxim hand envelope unknown father surrogate brother hence story unfolds hunt parentage family secret across mile time director denis villeneuves beautifully interwoven parallel story nawal marwan fighting right middle east twin searching parentage story linked shocking truth revealed twin search end father brother person brutality viewer appreciate circumstantial event nawal marwan lead walk appreciating brave soul director uncomplicated complication parallel story make longer movie touching end,0.946,positive,0.073,0.716,0.211
mhmtyzc,7.0,1,6,cinema,movie example express feeling moving picturerealisticso well directednaturally actedreally one best drama recent timesthe ending happy sad oneit lifeit end endany would unrealartificialand dayschanges look middle eastern peoplethey terroriststhey livespainssufferings like domothersfathersjust like everyonethey feelingsthey hope life livea peaceful documentary remarkable dramathanks director casta must see movie opinion,0.9686,positive,0.046,0.565,0.389
Zooha-47207,1.0,11,13,manipulative onesided narrative,incendies might critically acclaimed found deeply uncomfortable frustrating watch film seems intent portraying specific set value moral feel foreign imposed viewer particularly depiction muslim culture important cinema explore different perspective movie feel like sermon balanced storythe heavyhanded approach make hard connect character find anything redeemable narrative instead feeling enlightened moved felt alienated irritated way story constructed incendies deeply unpleasant experience wouldnt recommend,-0.7072,negative,0.22,0.636,0.145
gherk-man99,10.0,1,1,one villeneuves best,film begin simple captivating concept mother dy leaving strange request finding lost brother father twin son daughter aware existed first scene cant help pulled mystery behind past woman series flashback involving mother learn dark past twin try unravel last request mother left film defiantly one denis dark serious film lot like film prisoner denis would go make incendies love parent child length go protect visually film saturated shot war zone turmoil iranian landscape tense scene take place within iran shocking new audience child obviously one denis first film passion making sound big part film display later film like arrival blade runner sicario every threatening sound come across quite jarring real adding incredible sense hostility build main character antagonist biggest thing appreciate film way denis underestimate patronise audience carefully feed segment narrative fully build head make stupidly obvious also political film although dont need know much conflict iran really add depth tone story complimenting nicely plenty moment throughout film left shocked awe visceral surprising far havent seen denis villeneuve film havent appreciated one form another definitely go one great director modern cinema history,-0.8343,negative,0.194,0.659,0.147
sherifelmorssi,9.0,1,1,perfection,unforgettable movie perfect every level genius script actor perfect direction cinematography amazing amazing amazing something never never thanks everyone participates movie hour minuet unstoppable beauty liked location much extremely recommend,0.9825,positive,0.035,0.384,0.581
joey-adidas,9.0,1,1,excellently done,amazing movie going top watched almost half say movie top though personally love flashback movie whole storyline amazing although foreign film subtitle hooked first scene film unique storyline hope people dont judge movie cover language simply great throughout movie event get entertaining end movie defiantly one watch absolutely enjoyed movie deserves higher rating done amazingly,0.9816,positive,0.0,0.614,0.386
fbkikoumlas,10.0,1,1,amazing work,cinematic masterpiece ignites soul powerful storytelling emotional depth director denis villeneuve craft mesmerizing narrative unravels secret family bond haunting past heart middle east performance particularly lubna azabal mlissa dsormeauxpoulin nothing short exceptional capturing essence character turmoil resilience film hauntingly beautiful cinematography add ethereal quality already gripping plot incendies unforgettable journey leaf lasting impact testament enduring power love human spirit dont miss emotionally charged cinematic gem,0.9407,positive,0.057,0.68,0.264
Stay_away_from_the_Metropol,9.0,1,1,wickedly brilliant puzzle devastating result,truly devastating movie kind conclusion someone described might think way could pulled tastefully fact precisely kicker make movie worthy high statusdenis villeneuve daring visionary filmmaker perhaps stunning example knowledge second fulllength feature incendies truly put map force reckoned big fan early filmography ive curious one long time pleases say fully life reputation im colossal fan early film prisoner lynchianfeeling enemy sicario first taste villeneuve also fantastic movie heavy grim honestly kind pale comparison one end come themesthis one start slow burner feel bit like puzzle youll need unfold play first half understood little going thing began unfold second half movie quickly became impending horror equal part frightening tragic one extremely unique whole cast especially family focus bring immense amount believability entire story otherwise outlandish outcomesthough thoroughly enjoyed villeneuves blade runner sequel seems set strict path franchise filmmaking seems getting less less inspired installment dune first villeneuve film found shockingly dull empty next announced he next james bond film catch heaving arrival saw villeneuve one exciting promising new filmmaker working arrival featured equal amount creativity vision found immensely underwhelming contrast previous four film blade runner picked thing back department entertainment bond announcement fear permanently losing one last great visionary creatives could actually manage score legit budget worthwhile original film cant blame taking big paycheck gig making heavy original masterpiece paying due im gonna miss old villeneuve real badif two frenchcanadian twin middle eastern root going journey middle east find happened estranged mother beyond devastated result sound like worthwhile movie incendies one cant miss feelbad movie worldly epic proportion need seen fan dramatic thriller may even villeneuves best film hard decide great,0.9945,positive,0.124,0.596,0.279
trekhyon5,10.0,1,1,family tragedy intertwines geopolitical conflict masterful way,arthousehollywood fame denis villeneuve adapted wadji mouawads play incendies powerful film combining family epoch mystery political commentary psychological dramait begin french canada kind goofy scene reading mother twin jeanne simon tasked journey middle east find secret life mother nawal led moving canada thats goofiness end incendies infinitely complex plot structure exciting challenging thriller within compelling structure lie intricate web meaningthe story alternate different time level illuminating twin search well hidden life mother villeneuve force overwhelmingly devastating scene viewer taking audience core war general conflict middle east particular definitely feel good flick lot saw made shake physically first time around still middle hopelessness human suffering senselessness glimmer hope far might still bright enough prevailat minute incendies doesnt contain one single unnecessary second tight emotionally resonant intellectually challenging urgently relevant countless level much exaggeration state film everything sense cover level individual experience cultural process political working humanity general exceptionally well recently rewatched year im completely dumbfounded,0.9002,positive,0.123,0.666,0.211
jaspercarcabuso,10.0,1,1,goodmovie,based play scorched wajdi mouawad incendies follows nonlinear plot span two generation present day jeanne simon twin lost mother nawal nawal stipulated jeanne simon must return envelope brother didnt know existed currently living fictional middle eastern country twin give nawal proper burialjeanne feel obligated return letter go middle east realize nawals nastiest secret jeanne uncovers nawal viewer shown nawals story film build unforgettable ending sure rock viewerincendies already great source material ive praised plot enough one thing must add play apparently four hour long according villeneuve impressive movie succeeds nicely cant imagine anything cut back source material there really great acting entire cast play part emotional vigor seems impossible work art wasnt autobiographical,0.9801,positive,0.041,0.702,0.257
isenhart17,3.0,14,20,reason film top,film mass imigration syria goal movie probably change ppl view musilism ppl never mentionned word musilism hear christian often guess christian evil pploh well sadly im denis villeneuve born totaly fit tghe politic clearly leftist propaganda movie,-0.4404,negative,0.194,0.653,0.154
josmaurowitteveen,9.0,1,1,masterpiece,beautiful non linear narrative reminded trilogy death alejandro gonzles iarritu hypnotised watching film beautifully told dennis villeneuves quality keep mystery factor whole film long amazing didnt know amazing story based play oh boy great job transmit story cinematic language,0.9571,positive,0.068,0.556,0.377
maddmaxx46,10.0,1,1,one villeneuves best,seen villeneuves movie directed great movie consistently one somehow ranked best im fan reading subtitle throughout film since french well worth slow burn child trying learn mother past great job going back forth past present acting fantastic cinematography topnotch great soundtrack go along setting film seemed put villeneuve map see masterpiece star,0.9842,positive,0.0,0.585,0.415
Movie-Dood198027,8.0,1,1,brilliant unpredictable twist,whoever say theyve predicted twist either lier superhuman plot twist one shocking plot twist ever probably one disturbing one everdenis villenuves directing performance absolutely brilliant took play turned absolutely brilliant film defines mystery like mystery movie movie delf facing consequence asking much stuff follows absolutely well done first scene last whole film feel like puzzle solved slowly right front u every scene clue every flashback lead next scene every dialogue almost everything weight film go show director push limit filmmaking way deliberately hid clue still predict twist literally easy uncover know change whole perspective film change lot thing even scene didnt make sense especially pool scene startoverall absolutely fantastic film heavy deal morality theme war surviving meaning family relative love scene talk arabic cuz language obivusly overall film amazing hard process plot twist leave mark,0.9762,positive,0.083,0.694,0.223
bonjsumio,10.0,1,1,good movie,incendies haunting deeply emotional film explores devastating impact war identity family secret directed denis villeneuve story follows twin sibling unravel mother past leading shocking revelation life wartorn middle eastern country film nonlinear narrative masterfully crafted building suspense emotional intensity throughout powerful performance gripping plot incendies confronts theme trauma revenge forgiveness leaving profound impact viewer thoughtprovoking film lingers long credit roll,-0.896,negative,0.262,0.597,0.14
zinoop,9.0,1,1,unique,opening scene greatregardless story movie shot well artistic look scene especially opening scenetheir use silence hard scene showcase pain seriously wonderfulthe pool scene min felt like jeanne completely alone public poolthe bus scene burned muslim womanand tunnel scene drive tunnel cant tell country still war iti screamed disgust reveali thought sniper brother revealed way rewatching opening scene finishing movie make even greaterrewatching pool scene min enlightening giving plotthe movie make full circle way,-0.8173,negative,0.206,0.681,0.113
chaz-28,7.0,1,7,searching mother past revives lebanese tragedy,lebanesecanadian nawal marwan lubna azabal passed away swimming pool started staring space slowly faded away hospital left behind twin jeanne simon early mother secretary local notary liked swim mother past least one ever brings conversation father picture twin assume died back lebanon warat reading nawals twin receive startling news mother left instruction deliver two letter one father one brother relation know nothing twin take newfound discovery completely different way jeanne melissa desormeauxpoulin accepts mother want take lebanon place familiar textbook brother simon maxim gaudette refuse part nonsense want stay affair altogether simon mom may alternate hidden past canadian secretary lebanese village girli reveal absolutely nothing come next audience discover right along jeanne jeanne slowly piece together fact mother previous life lebanon film cut nawal past show experience firsthand child start plot incendies however nawal get screen time furthermore film take time explain war early lebanon assumes audience familiar rightwing christian militia palestinian refugee camp south may help read different side beforehand waste time film trying sort outthis well written script acting highquality film lack score two radiohead song played film fit nicely help shape introspective scene hand rest film sparse dialogue scenery likely director denis villeneuve intended memorable score would gone long way helping event portrayed land deeper impact choice two mellow thoughtful radiohead song though good idea,0.891,positive,0.078,0.781,0.14
Ydun,4.0,17,27,movie depth,rarely disappointed movie incendies ive member imdb year time rating kind show whether movie good bad incendies rated top see would absolutely depth character motivation background problem unknown unspecified middle east country black white reason would make want research make situation believable nail coffin unbelievable literally story writer get away plot least read sophocles know much plot embarrassing top maybe people dont know good movie anymore arent many made nowadays make movie theater go library people online service many great movie made fantastic plot real character script written adult,0.9518,positive,0.078,0.666,0.256
emilykelly-58828,8.0,1,1,journey shadow secret,watching incendies nothing short transformative experience moment film began drawn haunting narrative effortlessly weave together past present revealing layer trauma resilience define character dual journey twin jeanne simon unravel mother nawals mysterious past gripping heartwrenchingthe film structure oscillates timeline initially felt disorienting settled rhythm storytelling found completely engrossed revelation nawals life brought deeper understanding complexity familial bond impact war emotional weight narrative palpable lingered long credit rolleddenis villeneuves direction masterful cinematography capture stark beauty landscape also reflecting emotional turmoil character use silence long take add film intensity forcing audience confront rawness situation portrayed found holding breath key moment completely absorbed unfolding dramathe performance nothing short extraordinary actor breathe life role conveying spectrum emotion resonate deeply particularly moved portrayal nawal whose strength vulnerability beautifully balanced film climax left tear cathartic release made reflect broader implication love loss forgivenessincendies film emotional journey challenge viewer confront uncomfortable truth history identity reminder power storytelling ability connect u human experience regardless background film stay long time poignant testament resilience human spirit amidst horror conflict cinematic gem deserves seen cherished,0.7645,positive,0.131,0.703,0.167
lanaaulana,9.0,1,1,harrowing tale family war secret lingers long end,incendies directed denis villeneuve powerful devastating film explores deep emotional scar left war family search identity based play wajdi mouawad film follows twin jeanne simon mlissa dsormeauxpoulin maxim gaudette embark journey middle east death mother nawal lubna azabal nawals reveals shocking secret past forcing twin confront family history uncover truth originsthe film nonlinear narrative move nawals tragic past childrens presentday search build suspense gradually revealing horror endured incendies effectively portrays devastating impact civil war religious conflict using nawals personal journey reflect larger political human tragedy regionlubna azabals performance nawal heartwrenching compelling capturing strength vulnerability portrayal anchor film emotional weight particularly character face unimaginable suffering name survival love supporting cast including twin delivers strong performance particularly unravel painful truth mothervilleneuves direction masterful weaving together complex timeline heavy theme precision restraint film visual style striking stark barren landscape haunting imagery mirror bleakness character emotional journey score featuring music radiohead add film haunting atmosphereincendies mystery family dramaits exploration longterm effect violence cyclical nature trauma central twist revealed final act shocking devastating leaving audience grapple weight film theme long credit rollwhile film intense subject matter slow pacing may everyone deeply moving thoughtprovoking work tackle difficult theme grace respect villeneuves ability combine personal tragedy larger political commentary elevates incendies one emotionally powerful film decadeoverall incendies beautifully crafted emotionally intense film force viewer confront uncomfortable truth war family forgiveness stunning performance masterful direction unforgettable story make standout world cinema,-0.9766,negative,0.245,0.561,0.194
Felix-Wackenhuth,7.0,0,4,deeper dig youd find dont know youre digging might find place,expected debate denise always told time would able spot villeneuve movie might tough one start dont think someone write review movie mentioning screenplay screenplay refreshing far apart hollywood seem get every movie nowadays also downfall first half pretty slow engaging second movie roughly compare would sixth sense believe one better movie mostly relies plot twist sixt sense good way movie still engaging would necessarily need plot twist quite opposite movie relies heavily resolution everything except main storyline weakly written also bother probably others unrealistic fact father would actually brother mother end actually life town mean come could definitely differentlyif done classic dennis style would amazing good debut another unknown man brawo,0.9477,positive,0.052,0.77,0.179
saadanathan,8.0,1,1,twin discover past cinephiles discovered villeneuve,denis villeneuve magnificent brilliant director case either make good movie doesnt make movie truly one director nowadays hollywood make movie deep passion love arthis keymark film would first movie titled incendies horrible strong tale broken promise family secret story center around twin travel middle east discover family history order fulfill mother last wishthe movie split two time period past focusing mother voyage across wartorn country present focusing twin effort discover pastgod forbid dare spoil ending massive movie youre going watch amazed yourselfaside subtle soundtrack gregoire hertzel cinematography andre turpin editing monique dartonne movie really unique tone simple story family dealing past embrace iti say though problem character chemistry throughout story felt like wasnt much balance twin way intrigued interested jeannes quest simon jeanne active determent find father identity simon really passive turn discover brother identityim glad finally watched film chilling frighting experience enjoy story journey character went came respect adore villeneuve even filmmaker,0.9892,positive,0.088,0.639,0.273
djurrepower,7.0,0,0,engaging,well done well written story take viewer serious cookie cutter b straght narrative story kinda thing really stood acting fine cinematography fine ect story likely thing remembered good mindblowingly good,0.8963,positive,0.035,0.588,0.377
hassanlu,8.0,1,1,recomended soft heart,good movie movie family weak heart story trajedy sad full mystery revealed step step ending sad painful shocking,-0.8957,negative,0.497,0.405,0.098
VeroniqueLaveau,10.0,1,1,powerful,powerful film debut haunt u long minute film mother point view full suffering great film illustrates horror war eye one woman discover imprint left descendant power heritage transmission gripping reality character carrying burden wound influence choice point view decision battle film plunge heart human behavior complexity actor equal emotion convey powerful image careful framing one touching film magnificent film,-0.5719,negative,0.233,0.58,0.187
ShackyWack,10.0,1,1,brilliant,saw one theater year ago stayed one best movie ever seen life would call odyssey movie film happy golucky story feel warmfuzzies man interesting thoughtprovoking story full complex imperfect character turmoil face selfinflicted life circumstance asks hard question much life pure coincidence would outcome different gotten little sooner answer choice ive made,0.7506,positive,0.099,0.732,0.169
lasttimeisaw,8.0,1,1,cinema omnivore incendies,narrative bifurcates alternate nawals checkered past warriddled fatherland unnamed country event alluding lebanese civil war action take leaf book lebanese woman souha bechara decade later twin journey jeanne go first simon join later provenance discover inconceivable story parentage audience granted advantage firsthand information nawals pov twin slavishly track breadcrumb gather detail drib drab film hook tack one step ahead game riddle solved utter shock like twin think finding offspring rapist major hammer blow naiveread full review blog cinema omnivore thanks,-0.1779,negative,0.119,0.739,0.143
ermanyuksel,9.0,1,1,probably need psychologist appointment watching movie,make feel simplest reflection kind shocking emotion subject cruel life like probably turn nerve steel story original acting surprisingly realistic movie touched psychologically lately make feel deeply difficult painful human sometimes matter god believe bad thing people exposed punished least expect way never expected see event staged movie wonder sometimes people suffered much hand creator,-0.8258,negative,0.292,0.498,0.209
angelesoviedo,7.0,0,0,haunting past,highly recommend movie made already iconic denis villeneuvewe begin movie sibilings lost mother hearing last wish left letter need find lost brother mother young father never heard aboutvilleneuve always delivers spectacular film important story beautiful cinematography,0.7645,positive,0.1,0.655,0.244
t-d-t-m82,10.0,1,1,middle east hunt family understanding,wow firstly amazing accurate account middle east landscape conflict systematic abuse culture using religion make excuse barbaric behaviourits incrediblysad hope people may experience middle east like hope prey peace return turbulent timesthe cinematography exceptional pace superb acting astounding love introduction character via big bold red textthis movie one reason director could propel lofty position directing new james bond movie incredible talent purveyor film great passion,0.9889,positive,0.065,0.491,0.444
jadepietro,7.0,0,8,imagine doesnt equal,film recommended imagine there country isnt hard nothing kill die religion lyric john lennon imagine religion always unifying emotional force polarizing divisive one others shaped guided world holiest word action also destroyed misled many philosophical guise good godliness provided insight strength one group blinding weakening another overt power devout believer dualism ever present thoughtprovoking oscar nominated foreign film incendies directed denis villeneuve forced examine farreaching effect religion aftereffect tale two sibling begin spiritual journey fulfill mother last wish plot involves twin brother sister forced confront mother past deed secretive life jeanne simon melissa desormeaux maxim gaudette given two letter dead mother newal lubna azabal asked locate brother never knew existed deliver envelope also find lost father request take jeanne middle eastern country try unravel mystery simon look elsewhere told flashback mostly newals point view learn unknown past love jeanne simon unravel thread lifestory discover impact politics religion formed upon mother newals ultimate choice led violent conflicted existence film take bleak depressing subject matter immerses directly world civil war martyr violence religious zealot director villeneuve successfully show clash culture christian muslim consequence hatred pointless bloodshed throughout year however weakens film allowing scene go long causing less tension suspense narrative cumbersome flashback structure also divulges key evidence ongoing investigation movie audience present day character unravel intricacy mystery one figured supposedly shocking climax half hour left film end credit appeared still film contains powerful image mostly dealing film violent nature bus passenger set afire closeup battered bruised leg political prisoner frightened child coldbloodedly shot try flee safety strong performance cast especially lubna azabel sad tortured woman whose death begin tale incendies present world haunting clarity one steeped tradition servitude another trying break free bond serious fearless filmmaking leaf one feeling moved helpless time moviegoer leaf theater hoping world live one even equation never solved grade b,-0.9835,negative,0.208,0.656,0.136
mm-98376-51135,4.0,7,8,audacity christian terrorist muslim victim,really bother grave stone state born died giving script every chance let say young first son actres time let say neverthelessthat mean weve reached twin played yearolds let make even though female twin mention ago talking mother old country mean born conceived brotherfather mind deadly sniper year prior coming pris ever time took remade islamic sniper christian expert tortureso year old super sniperyou get drift herethe ridiculous coincidence end movie whole matter contention,-0.1208,negative,0.133,0.717,0.15
estebangonzalez10,10.0,1,2,incendies modern greek tragedy,death never end story still trace want find brother youll go back mother pastincendies powerful emotional film quebec director dennis villeneuve almost every award canada several international award best foreign film also nominated oscar movie based wajdi mouawads play actually play sort greek tragedy several interesting twist jump back forth time emotional shocking last twenty minute really never guessed direction movie going go next mixed romance drama interesting thrill way never imagined first half hour admit kind bored story thing began intertwine develop totally hooked final payoff really worth long first minute story really well told perhaps enjoyed film cinematography performance cast film solid well structured story allows u gather information little little figure different character end connected story stick long film ended make want go back see everything beginning really enjoyed film shocked endtwins jeanne melissa desormeauxpoulin simon marwan maxim gaudette surprised discover older brother never heard surviving father never seen dead mother leaf task finding delivering letter simon intention following mother wish hears news notary jean lebel remy girard close mother simon claim mother always absent minded may great employee jean mother different story jeanne hand intrigued finding father brother decides travel middle east trace step mother past may reveal several clue mother really jeanne middle east searching brother father flashback mother nawal marwan lubna azabal growing dangerous civil war fight christian muslim sent away village lived falling refugee getting pregnant kill nawals grandmother spare life life son sends live uncle study give son adoption nawal promise baby boy one day come back civil war broke lost contact jeanne begin see one terrible act lead another horror mother lived escalate incendies canadian french production film take place middle east thought actor gave convincing performance let story true star film every scene connected another way another although dont quite understand scene shown end film go back rewatch see missed several hint clue director leaf way final outcome going really wasnt expecting shocking finale like kind thriller convincing twist without trying fool viewer go back watch scene realize everything could made connection long end incendies show u one hateful act lead another make matter worse also show u religious war blind u make u thing wed never million year hard get movie head absolutely recommend powerful emotional thrillerhttpestebuenoblogspotcom,0.9742,positive,0.14,0.646,0.214
TobinTelleran,10.0,1,2,amazingly constructed film everyone,beautiful film direction perfect score poignant edgy time need cast gave performance career cinematography second none shot beautifully done draw time horrific storybut story make film superb character real feel beat dialogue really well thought especially true use dramatic irony use multiple languagesa must watch faint hearted,0.8621,positive,0.133,0.602,0.265
joshilay,9.0,1,2,powerful film miss,watched incendies yesterdaywoah powerful film lovely frame acting script screenplay editing direction stuff powerfulit left state thought since watched itthe female protagonist played lubna azabal given strong performance strength character shown throughout done absolute justice person would deal situation lifemlissa dsormeauxpoulin also play role script emotion natural pull u story maxim gaudette enough warrant good performance certificateall character played well lot research seems gone development script based play wajdi mouawad cowriter director denis direction denis villeneuve awesome movingthe film stay mind day togetherafter reading review see film expectation see free mindyou captivated doubt patience store,0.9899,positive,0.02,0.629,0.351
palavitsinis,10.0,1,2,word seem useless,rate movie usually really really difficult find word describe one one impactful movie ever seen cant stop thinking since yesterday sure wont stop thinking long timefirst actor brilliant story breathtaking slow evolution movie leading climax end render speechless motionless say least admit although assumed ending think plausible movie leaf element time kind confused could make exact age lady sings stage movie kind like math end make sure mistakenoverall terrible story core one show life extreme people rise horrible event like war crime show kind attitude woman showed letter movie one miss,0.7791,positive,0.181,0.576,0.243
dragokin,8.0,1,2,amazing movie,incendies another movie accidentally discover make enjoyment even greater topic cover far pleasant thoughwe follow twin brother sister solve mystery surrounding mother death search answer travel middle east mother homeland starting life anew west mother lived environment ravaged civil warthe twin discover mother see one stay unharmed war,0.0,neutral,0.163,0.657,0.179
Thanos_Alfie,7.0,0,1,search everything,incendies mystery movie watch twin lost mother testament mother wish next time watch twin traveling middle east discover mother want family history fulfill mother last wishesi liked movie found interesting plot many swift something made movie even interesting also liked movie interpretation mlissa dsormeauxpoulin played jeanne marwan good another interpretation liked movie maxim gaudettes played simon marwan lubna azabals played nawal marwanfinally admit expect like movie mistaken incendies great movie watch strongly recommend lesson life fight also combine well mystery drama family course war something make movie even better,0.9865,positive,0.089,0.512,0.399
ixltoo,4.0,21,39,disappointing considering genie,expecting lot especially award film received curiously zoning middle act movie wandered desert literallyand feel engaged character allthere seems sort yingyang morality tale going judging ending lacked real emotional punch felt manipulated story extreme situation maybe hard suspend disbelief given source material im sure could done muchhaving rewatched hurt locker night saw film found cinematography lack clarity point view kathryn bigelows film im surprised film genie award editing cinematography must slow year canadian cinemai found villeneuve sliding gu van sant territory deliberately infuriating shot setup meant imply something greater whats screen,0.7083,positive,0.135,0.677,0.187
ell1981,9.0,1,2,whose army,film begin mercurial radiohead us music throughout going something lot good excellent performance poulin stunningly shot landscape film go back forth time enough confuse though may little subtle viewer plot disturbing ultimately shocking manages portray subtle way mean foot given subjecta real surprise thrill watch never failed mesmerize shock time well paced never strayed powerful message conveyed one best foreign film seen surprisingly gain credit deserved,0.9604,positive,0.111,0.555,0.333
1os4,9.0,1,2,,wow movie considered best movie director bit bored middle movie end made everything end considered one best ending world cinema,0.9022,positive,0.069,0.528,0.403
evanston_dad,8.0,1,2,geesh feel bad movie,denis villeneuve film lebanon civil war impact one family extremely well made time gripping good grief feel bad movie isi guess there little good come event movie border misery porn much running time like many movie made feel completely ignorant recent past didnt know much anything civil war lebanon confused quite bit movie fair high school ended wasnt paying much attention country like lebanon like got lot world news american case gather war much war one group people think another group people dont right exist want wipe outtheres twist near end movie thats like something southern gothic play novel didnt see coming allnominated academy award best foreign language filmgrade,-0.1921,negative,0.21,0.572,0.218
artfilmfan,10.0,1,2,excellent,excellent gorgeously shot perfectly acted movie sadbut also reality prefer realism anyway still favorite villeneuve movie one favorite decade general pure cinema poetry kind cinema care deeply lubna azabal mlissa dsormeauxpoulin maxim gaudette stellar believable make care character story andr turpin amazing cinematography deserves special mention shot burning bus lubna front spectacular brings back also fond memory middle east strike personally future classic cinema,0.9881,positive,0.017,0.578,0.405
RM851222,9.0,1,2,powerful story,greeting lithuaniaincendies strength lie powerful hardly forgettable story end left speechless literally movie also wonderfully crafted cinematography amazing nominated oscar category acting good especially lead played nawal marwan directing solid famous denis villeneuve great guide first kinda tough story many name place movie matter tell end definitely wont even hint sure coincidence one million movie powerful oneoverall incendies highly recommended drama mystery war solid movie craftsmanship biggest strength story hardly forgettable one,0.9849,positive,0.069,0.529,0.402
MohammedFakhry,8.0,1,2,great story bad production,fine story love war unfortunate circumstance great potential great movie although story story civil war lebanon yet country ever mentioned film filmed jordan jordanian actor location wich arab irritating notion given story war took place jordan something never happened first thought black september confused started searching lebanon much developed come movie cinema puzzled kept asking producer chose jordan country story country sophisticated film industry believe reading novel shouldve goto choice movie,-0.1531,negative,0.217,0.581,0.201
kseshynskaja,7.0,0,1,beautiful powerful casting distracting,incendies powerful film story heartbreaking visuals stunning atmosphere pull completely acting great across board emotional weight realbut casting throw thing nawal look older later scene twin look younger abu tarek somewhere screen seem close age big final twist doesnt hit hard instead feeling like gut punch leaf bit confused,0.8546,positive,0.086,0.645,0.269
qui_j,2.0,13,21,slow slow slow,really wanted like film slow moving terrible acting poorly produced way could common many french based film long period silence deep intense staring fellow actor lot shouting intended pas good acting cannot believe high rating got wish inject dose much needed realism pretty horrible worth effort watch,0.7334,positive,0.109,0.646,0.245
rtneu,8.0,3,8,intriguing movie move completely,movie move completelyit intriguing movie got glued till end every scene movie important linkage happened earlier happen later course movie movie depicts background palestine time war broke linked many character movie one womanit first movie denis villeneuve seen made sure would research see worklubna azabal totally character play doesnt verbose dailogues yet fantastic facial expression emotion speak volume go different phase life mlissa dsormeauxpoulin maxim gaudette also justice role sense perspective mother change respect towards grows come closer closer happened mother great movie watch however movie mass audience like intellectual movie strong serious storyline definitely go give,0.9744,positive,0.065,0.671,0.265
mefisto37,9.0,1,3,film,absolutely amazing self favor watch film absolutely amazing self favor watch film absolutely amazing self favor watch film absolutely amazing self favor watch film absolutely amazing self favor watch film absolutely amazing self favor watch film absolutely amazing self favor watch film absolutely amazing self favor watch film absolutely amazing self favor watch film absolutely amazing self favor watch film absolutely amazing self favor watch film absolutely amazing self favor watch film absolutely amazing self favor watch film absolutely amazing self favor watch film,0.9985,positive,0.0,0.362,0.638
shaanmr,8.0,1,3,powerful heartwrenching tale war family identity,denis villeneuves incendies deeply moving emotionally charged film explores complex layer family identity impact war based wajdi mouawads play story follows twin jeanne simon uncover dark painful history mother nawal lubna azabal death journey take middle east discover shocking truth family past intertwined horror civil war personal sacrificevilleneuve masterfully weave together past present creating narrative gripping emotionally devastating film exploration identity forgiveness cycle violence profound thoughtprovoking performance outstanding particularly lubna azabal brings depth vulnerability role nawalincendies intense unforgettable cinematic experience poignant theme loss redemption pursuit truth film powerful conclusion one emotionally impactful moment recent cinema leaving viewer reflecting long credit roll,-0.9409,negative,0.256,0.573,0.171
eklavya-cwk,8.0,1,3,fierce vibrantenthralling tearingsoft tender,absolute unexpected version screenplay incendies one shocking movie show unthinkable unexplored area existence specially someone tangled surrounded hectic killing religious cultural behavioral moribund idea encapsulating freedom bird fly prison find remembers past love hatred painsacting alright location shooting great screenplay totally new also encompassed bit weak link yet perfection virtual reality movie special final message love cant destroy hatred love dissolve hatred therefore love mean dissolve past present future,0.8873,positive,0.227,0.455,0.318
philipposathina,10.0,1,3,great masterpiece contemporary cinema,lot thing want rather need tell film im afraid word really match perfection deepest emotional shock caused biggest must anyone ever suggested dont miss absolutely hard raw time extremely tender humanistic film probably leave devastatedbut also make better person pls trust need know detail thats dont see point analyzing youll like either way even youre absolutely heartless still captured story shocking yet unfortunately much part real world scene heart youll touched deeply hard heartbreakingyet melodramatic truth take day overcome wouldnt genial masterpiece talking much inspired oedipus great greek tragedy copying,0.6735,positive,0.183,0.564,0.253
alimekuyucu,9.0,1,4,excellent,x cinema masterpiece cinema different view manifestation allah lord today sometimes wisdom sometimes example sometimes reflect different point view arouse hatred strongly influence person negative positive direction fact eye know see event allah made obvious past past eternal world really good opportunity get know know allah arifins job able see wisdom every movie fact even seems unnecessary many lesson learned kind movie novel cinema like book read life story person person watching mirror white screen feel laughing cry someone else every era man enjoyed different movie according science creation era cinema easily convey person truth mistake truth eye make beauty rose obvious able see rose happy reach level understanding spiritual meaning movie light window star come sliding sky fire word say story contains quite lot surprise matter meaning attach cinema powerful film cannot remain indifferent villeneuve created realistic impressive set captured camera deploying audience like marwans twin replacing answered question bigger one also managed provide curious viewing go finale example pure cinema powerful script worry mixing feeling hate love feeding waste single moment minute duration fire modest budget incredible film us visualizing effect cinema fullest convincing detailed visual work sequence panzer tank going conflict house burned militiaman shooting bus full people marwan pretending mother save little girl watching movie came canada shook audience side impossible question six empty word turkish cinema improved lot recent year dear immediately watching fire film mentioned perceived talentless picture drawn kindergarten student benefit teacher fire actually biased movie matter much seems side like telling suffering experienced event started escalated christian muslim imaginary arab country reason always likened lebanon clear film take side muslim despite main character marwan christian dec state taking side explained ability human nature without caricaturing event living filled regret every moment director wanted disrupt traditional understanding bill everything issued muslim time cinema increasingly commercialized turned amusement park entertainment possible come across film time fire love came across oasis desert movie fit exactly description huge fist throat watching end roll eye peace completely free,0.9969,positive,0.115,0.596,0.289
domenicdd2000,9.0,1,4,absolutely fantastic,keep short give anything awaythe movie fantastic one film lead conversation discussion afterwards really mark great moviethe movie flow beautifully different era although somewhat confusing first time flashback pay close attentionshowing enough surrounding conflict pull without disaster occurring around storylinesometimes less know meanwell done would highly recommend moviepersonally movie even better slum dog millionaire subtitle easy read dont speak french,0.965,positive,0.067,0.634,0.299
watched-it-again,10.0,1,4,thank thank thank,film seems like draw beautiful frame pretty film good cast watching find production cost worth story think like retrospect least showing little take please u moving watching public could film made u true story unforgiving every way state movie see result test screening dumbed plot studio looking maximum profit hail american corporation machine film easy movie watch first whole thing subtitle even doesnt pull punch like said everyone get everyone give chance people wont even exposed say want say american connected ive arabic movie new generation film world terrorist wmd honest character epic performance always heard atrocity region portrayal ive seen seems stop stereo typical arab cnnfox movie go beyond set production great costume angle photography brilliant many little extra make great movie top story person could understand appalling beautiful time hope hasnt created feeling like watch insert comic book movie real emotional tough movie comprehend amazing,0.9933,positive,0.083,0.573,0.343
vcuty,9.0,1,5,excellent excellent film,thumb excellent yes iswell made drama depicting ethnic struggleswar middle east christian otherkilling religion daring film show side killing usually drama show fundamentalist killing non believersbut find christian killing non christian religion factor really daring though doubt really happened middle east film say show clearly sign door film flash back event took place somewhere palestine dont recall truly happened past maybe lebanon refers speak french time dont know acting superbwhat saylubnas acting made amazed performance role complicated emotional building though film atmospherethe gloomy surrounding specially quibec part film extra gloomyreally complemented whole thing plotamazing new u predict endthe photographythe directinga class bus shooting scene oh godhow strong meaning behind hit face leaving u stunned msg brutality kill thinking please religion god killing race religion color goof film daughter mother traveled back middle east look brotherand speaks french palestine pple usually talk french fluent allthis weak link didnt affect film film attendee commented director put chapter name bold big font red color middle screen think symbolic go along whole idea film blood struggle even prison rape scene done way really classy respectable viewer emotion yet moving maybe powerful saw whole thing state art film aspectsi hope win coming oscar best luck whole crew two thumb,0.1535,positive,0.177,0.63,0.194
christian94,9.0,1,5,buy bluray thank another day,received rave review familiar quality denis villeneuves work especially polytechnique rarely bought without seen previously disappointed leastwar death story start strong bring voyage space time thought emotion along character writing directing editing cinematography outstanding acting rather natural gut many scene feel real personal time may feel dirty urinal feel good movie hard movie deserves seen beautifully explores ugliness war show intolerance hate bigotry passed generation cultural conditioning hindering quality life depriving true respect dignity dim human condition true everywhere even canada quality life physical security cultural openness arguably among best worldthe story backdrop balance reality peace education prosperity plunge u chaos rejection violence fear family feud search redemption truth see nondescript arab country christian minority imprint people reminded recent ongoing similar situation middle east africa also europe asia distant past yugoslavia cambodia etc discrimination child army murder massacresetc best humankind offer seemsthis story go dark deep dangerously borderline depressing yet unflinching conviction telling tale finding truth may actually liberate may allow u get straight perhaps finally get rightthere many symbol silent unsaid commentary movie narrative also speak volume many way reflection real relevant live leave better future child brake destructive devastating cycle war hateas movie enough also privy ana barbeaulavalettes stunning makingof documentary se souvenir de cendres regard sur incendies httpwwwimdbcomtitlett take life revealing interviewscrisp cinematography eloquent editing poetic vision spellbinding storytelling easily best makingof documentary ever seenfor reason go buy sell weapon,-0.1891,negative,0.208,0.576,0.215
johnnyboyz,7.0,0,4,title translates french english scorched near redhot drama making difficulty taking subject matter look easy,opening scene incendies paint image cantankerous elderly woman even death forcing child run around goose chase series eccentric entry nothing pose question cause action closure thing thats desired difficult time feel sorry kid canada residing brother elder sister feel little bitter towards recently deceased mother witness duel pilgrimage across eurasian border startling word humbling dont really sort justice requiresthe family bother unfolding marwans sibling jeanne dsormeauxpoulin simon gaudette present day lubna azabals nawal way back needless say id rather modernday set bother strife sibling nawals jeanne simon sit silently solicitor office odd air grief frustration abound request documented nawal read request broadly encompassing apparent need two journey great distance find specific someone reveal jeanne one take plunge venture away nicety first world economically developed living quarter asia meet europe solicitor office jeanne chirp ahead simon asked problem inconvenience presented yes labelling person sort initially put foot forward established simon begin enquire green light instigateda math teacher good problem solving equation seemingly impenetrable jeanne head place ambiguous actual identity people appear entrust broadly representative lebanon spite fact palestinian flag briefly identifiable corner frame one fleeting instance journey take look say longlost father well another brother neither simon ever knew unfolded crisp tandem tale mother thirtyodd year ago nawals hardship born persistent rejection peer religious circle family member lead exploring freespirited characteristic embedded within dangerous line throughout attempt look son born wedlock certain individual certain ilk many within nawals initial circle take issuethe parallel either journey mother daughter undertake similar structure scale fairly clear quest taking either woman around house bombed orphanage grotty prison one sequence sort grotesque centrepiece content quietly beautiful harsh thoroughly professional depiction absolutely terrifying sequence depicts bus full muslim ambushed christian group militant civil war broken undetermined nation sequence remarkable stark nature anyway additionally isnt necessarily emotional crux film scene made impacting given happening within recent year film production nation pakistan angola attack relayed onto sporting personnel whose tale graced news report bus come fire life lost additionally sort brutality aimed within well subvert idea anonymous muslim aggressor shrouded mystery come complete towel around face attacking innocent child reversing religious background well respective role victimised perpetrator christian soldier go rampage thus destroying small often easily demonised muslim congregation regardless individual sequence affecting quality denis villeneuves film real sucker punch emotion biting selfdiscovery certain stage crept really ambitious worthwhile piece,-0.9904,negative,0.195,0.69,0.115
berestov,7.0,0,2,,villeneuve one best visionary master script selection year ago picture raised level talented directorsyou course get bottom logic film ask didnt open letter right away magic cinema collapse interesting watch say person watched film time row wanted toin fact described drawback film otherwise advantagesthis highquality work touch theme war explores intertwining human destiniesit interesting observe mother story child search relative drama people killed burned tortured child wandering around finally adding one thing anotherthe finale homage understand everything together kid sit eye bulging,0.0258,neutral,0.145,0.699,0.156
narim-kim,10.0,0,1,first review seeing film year ago,definitely aged well first screening several year ago thought canada give world another master director impression changed ever since became one highest paid director hollywoodthis movie immediately made personal top list right saw remarkable everchanging top ten list still movie although merely nobody movie passing test time despite movie denis made recently big budget hollywood studio still rank film besti guess review testament sentiment toward movie,0.8979,positive,0.0,0.812,0.188
griffithxjohnson,8.0,0,3,powerful mystery,incredible screenplay show dark heavy story captivating pacing narrative choice tough subject matter powerful message many layer complexity offer lot value rewatching incredible screenplay show dark heavy story captivating pacing narrative choice tough subject matter powerful message many layer complexity offer lot value rewatching incredible screenplay show dark heavy story captivating pacing narrative choice tough subject matter powerful message many layer complexity offer lot value rewatching,0.9081,positive,0.058,0.698,0.244
joseph-marzbani,7.0,0,3,vanilla narrative style good one,whole responsibility movie shoulder story think movie bad probably story looked bad liked movie liked story regard director shouldnt tough job good story needed stay loyal story vanilla greek tragedy didnt strong message grandma would love though however cant deny fact component clicked story developes smoothly logically,-0.2964,negative,0.24,0.523,0.237
the-fearless-america,7.0,0,1,flowing slowpaced devastating great panoramic setpieces,incendies movie tear viewer apart story untold slowly surelydevastating every time truth revealed original writing great panoramic screenplay thats raise movie director great job choose setplace precise positioning camera shot skill viewer discovers true beauty place middleeast set placed beside hard life current country crysis brings u perspective country swallowed calamityusing slowpaced screenplay director let viewer enjoy panorama also giving time truly feel current condition country slowpaced panoramic camera work good combination giving many advantage viewer besides viewer also give actorsactresses develop character giving duration reveal trait role although storyline script average level yet cinematography still movie beautifulfor viewer maybe movie hard enjoy especially generation movie need calm condition enjoy wisher complex tense dramamysterygenre good movie made,0.9918,positive,0.035,0.638,0.327
srgymrat33,9.0,0,1,fantastic,watch list year one reason another always passed sure wish watched year ago great powerful film love forgiveness war grief understanding healing start finish drawn character development incredible every actor better next twin amazing job role great character narwal also casted well even notary fantastic development lebanon well done aesthetically breathtaking culturally felt like knew place scene chosen way war explained great film great story telling important film many theme tie much face world today absolutely worth time film fly watch high quality,0.9909,positive,0.086,0.486,0.427
darsh_tito,9.0,0,0,end,end bese ending close ever seen didnt care foreign movie movie made day make watch foreign movie wasted,-0.703,negative,0.267,0.733,0.0
Coralknight,8.0,0,1,unforgettable horror story,loosely based event occurred lebanese civil war although actual country never named incendies take viewer emotional personal ride spanning decade showing action event instant affect generation people future likely unaware film brings home horror war dynamic family give insight arab culturemuch unknown west viewpoint event concerning sectarian violence onesided inaccurate hence exactly name taking place lebanon overlook undoubtedly rewarded gutwrenching yet masterfully powerful film,-0.8481,negative,0.211,0.666,0.123
neigenoirejz,9.0,0,1,amazing movie,mesmerizing beautifully crafted movie creates almost tangible emotional attachment captivating realistic becomes emotionally exhausting certain point throughout movie gripping seat disbelief bewilderment shocking event happen screen youll huge explosion amazing action sequence movie make genuinely care character fate although everything film quite well done acting cinematography music cleverly crafted plot way delivered take cake really dont want reveal detail though suffice say amazing work art leave anything indifferent,0.965,positive,0.106,0.567,0.327
buzz75,3.0,11,20,unbelievably superficial,watched something utterly superficial falsely intellectual age really one demanding type go along well moronic attempt jolies film war bosnia masterpiece set inexistent land political situation circumstance resembling lebanon resemblance real life stop follows chain unrealistic senseless occurrence aim shock viewer actually going bad worse minute pathetic attempt elucidate sense human suffering get insight destructive force within portray society spiral violence bad stupid boring hollywood anything seen lately,-0.9877,negative,0.427,0.481,0.092
jaysanchu07,8.0,0,1,floored speechless seeing incendies,coming promised amazing wife entertaining time movie considering widespread acclaim denis villeneuves incendies course found apologizing credit rolled movie absolutely floored u denis impeccable talent storyteller incendies devastating theme conveyed surgical way ushering captivating watch come steeped unthinkable horrorsyes denis stamp adaptation cannot denied narrates journey jeanne simon precision unearthing mother nawals buried past powerful mean nonlinear telling pay dividend intercuts sibling discovery nawals traumatizing past keep audience suspense deepens emotional impact devastating revelation processed tandem protagonistscoming peformances lubna azabal carry incendies restrained force nawal conveys woman broken every sense word yet able withstand silent strength resilience communicates trauma fierceness little dialogue demanding audience empathy mlissa dsormeauxpoulin hand evokes quiet determination jeanne conveying emotional depth picture presentday storylinethere clear reason denis gained prominence knockout movie perhaps gripe incendies suffocating depressing revelation right end feel aspect tread towards unnecessary melodrama rendering incendies tragedy quite challenge see second time around nevertheless bold powerful unforgettable piece cinema,0.9038,positive,0.146,0.632,0.222
Hayud_Farah,9.0,0,0,masterpiece tragedy emotion,incendies stunning brutal impactful film masterfully combine element greek tragedy history anthropology religion tell intense story love pain hatred suffering forgiveness leaving lasting impression long credit roll deeply affecting narrative stay viewer provokes reflection humanity resilience cost secret,-0.8658,negative,0.345,0.419,0.237
AmrBS007,8.0,0,0,message delivered,thought suffering unlucky time place grew shaped today truth matter born suffering severity origin origin suffering matter call connects u,-0.7783,negative,0.347,0.485,0.168
Money4Nothing,2.0,10,19,sequel something,feel like movie aimed mostly towards people already knowledge political situation middle east watching minute utterly confused everything realized dont know country couldnt remember anyones name idea whats going turned,-0.024,neutral,0.078,0.846,0.076
h-talebiyan,8.0,0,0,incendies impactful,denis villeneuves incendies struck film commanding craftassured direction striking composition tightly wound narrative never loses control lubna azabal give magnetic performance anchoring story unfolds like ferocious family mystery across era wartorn landscape layer layer reveals brutal truth quiet restraint culminating cathartic finale reminiscent greek tragedy image linger focus religion birthright cycle violence give film disturbing urgency suggesting bearing witness act compassion yet also found story implausible stacked contrivance edge punishment manipulation tragedy ladled effect work better stylized poetic meditation believable drama even impact undeniable,-0.9548,negative,0.26,0.626,0.113
jorgecontreras-08245,10.0,0,1,recomendado,though sometimes seems though information given u slightly early often lead decent dramatic irony distract thereby make impactful flick big blindsiding final reveal essentially shocking sickening harrowing revelation audience picture principle character massive repercussion serf recontextualise everything came significant yet suitably subtle way mostly making slightly slow pace occasional meandering marred piece youve settled strange pace presentation incendies youre treated increasingly dark exploration woman know dead still strong presence character child slowly learn life alongside u inch ever closer ending haunt memory day tragedy greek proportion set backdrop tragedy meet standard new revelation ratchet suspense plumets u increasingly dire territory unexpectedly grim realism begin perforate entire piece steeping often unspoken sadness thick air mystery get skin pull deeper never letting go last frame finally let slump back seat release emotion one gutwrenched gasp everescalating devestation expectation isnt darkness darkness sake rather exploration character within situation also rare film rest upon withholding information would seem fairly simple yet legitimate narrative reason providing intelligent usually expositionlight way tragedy exists reason indeed tragedy blindsiding unflinching tragedy film know show aid making moment impactful making feel like child poorlytreated mysterious mother learn past youll often find asking thing get worse trust brilliant,-0.9849,negative,0.215,0.684,0.101
Maximilien_Kozodoi,2.0,7,13,comedy gold,incendies extremely boring stupid movie show canadian really love import middle eastern criminalsthe plot complete mess dragging endless pointless drama ridiculous twiststhe character make absurd choice movie take far seriously youre looking unintentional comedy disguised serious movie watching paint dry would thrilling experienceoverrated pretentious film true test patience avoid cost unless need cure insomnia enjoy wasting time nonsense,-0.5965,negative,0.289,0.518,0.194
postsenthil,9.0,0,0,must watch,religion world overtly profess language love offer path salvation uncommon find teaching hijacked fanatic zealot spew hatred incite teeming follower name god commit ungodly act many war waged score precious life lost maimed scarred name religion preach blind hatred others story society particular family bear brunt civil war spawn mindless religious hatredjeanne simon twin sibling canada taken surprise reticent mother dy leaving strange requires deliver two letter mother jeanne deliver letter father thought died long ago simon deliver another letter brother unaware simon clearly reluctant considers demand unreasonable totally irrational request mother believed demented jeanne however set journey discover mother past find father brotherjeannes journey interwoven parallel narrative arc depicts story mother nawal youth unnamed middle east nation probably lebanon simmering tension muslim ruling christian populace nawal christian fall love muslim refugee camp discovers pregnant try flee lover however nawals brother confront kill lover name family honour nawals grandmother save brother wrath bringing dishonour religion clan nawals grandmother help keep pregnancy secret promise assist nawal baby condition nawal would send orphanage upon delivery leave distant city study nawal fulfills condition leaf village pursue higher study university even newborn tattooed grandmother handed orphanage university nawal activist study threat civil war loom large forsakes study look son take safety onset full blown war rest movie oscillates two parallel narrative past present separated time decade nawal quest son jeannes quest unravel mother past nawals search lost son take ever deeper heart unfolding dark civil war life tossed around belligerent force like helpless vessel terrible storm jeannes search hand reveals mother troubled past trauma undergo left strifetorn native canada two intertwining strand culminate exceptional shocking intense revelation finale playing reticent yet resilient psychologically complex character nawal lubna hazabal nawal provides stand performance compelling even intense silence rest cast consisting melissa desormeauxpoulin playing jeanne maxim gaudette playing reluctant simon well rmy girard playing notary matre lebel nawals former employer holder guide twin quest provide competent performancescanadian director dennis villeneuve helm multilayered movie adapted popular play wajdi mouawad known poetic flourish assurance masterly auteur potent visuals sharp writing deliberate pace keep viewer glued every detail villeneuves brilliance manifest manner crafted ambitious nonlinear narrative transcends multiple genre drama road movie thriller antiwar movieoverall stirring movie exceptional ode triumph kinship togetherness love trump seemingly invincible force hatred nominated best foreign language movie rd academy award also received acclaim several international film festival,0.8836,positive,0.174,0.625,0.201
SranS-0,10.0,0,0,performance meet perfection,incendies powerful emotionally intense film stand exceptional acting stunning cinematography lubna azabal give haunting performance nawal portraying woman marked war love sacrifice emotional depth subtle expression bring character painful journey life cinematography andr turpin equally remarkable capturing bleak beauty wartorn landscape poetic precision wide shot natural light quiet framing enhance film emotional weight incendies visually gripping deeply human story stay viewer long end,0.9201,positive,0.106,0.608,0.286
ska-54519,10.0,0,2,best film ive ever watched,thank filmmaker incendies making moving beautiful filmi cannot rate film high enough term film score every scale film rated plot interest link reality beautiful cinematography without artsy like film imagine simply like film people criticising imdb probably looking history documentary tv drama captivating start really hold interest right till credit show endi read summary film wasnt expecting much history quest middle east isnt film would go totally wrong description film film history start parent think know actual essence mother strivingsomeone wrote feelgood movie disagree movie jolt back reality make count blessing doesnt shy away gruesome callousness world needed film much war world especially middle east film doesnt try patronise teach u war film mother loveit film watch family maybe fainthearted either film want true look different form reality take world,0.712,positive,0.137,0.69,0.174
mohammadahmed-84403,10.0,0,1,movie soul,one powerful start shocking ending american cinema think movie one thing totally different thingnobody hold tear end movieit play mind end smash like elephant crashing ant also entertaining lost movie completely wont spoil anything contains one powerful scene written screen ever get attached main character immediately thrown difficult situation cant handle end find pillow cry gun shoot head,-0.25,negative,0.203,0.62,0.177
patrickodhiambo,9.0,0,0,epic adventure,simply understand youd lose sanity haunt drop back head journey daughter mother past show difficult understand story war victim pressure chaos someone mind theyre quiet going mental torture theyre open,-0.9744,negative,0.551,0.449,0.0
rdtfcim,10.0,0,1,path toward personal identity guilt silence forgiveness,film urge viewer reflect discovery identity labyrinth past forgiveness limitscan one live without knowing truthis possible break free chain past violencenawal complex painful past marked violence deprivation love due religion rape imprisonment social hatrednawal chooses seek revenge pas truth child breaking cycle hatredincendies tragic story profound meditation legacy violence fragmented identity strength required break cycle hatred film demand deep reflection lingers mind long end,-0.9485,negative,0.32,0.522,0.158
ThomasDrufke,9.0,0,2,story start,absolutely blown away film one movie stick awhile watching cant get film head beautiful looking film story told beautiful way sure story take place middle east conflict thats remember incendies remember character relationship lack relationship denis villenueve gave u yet another masterpiece herethe film deal twin looking mother find given mission allowed bury mission find brother didnt know existed father assumed dead unique interesting premise definitely one keep edge seat beginning end whats great incendies villenueves directing doesnt rely actual suspense like scene make feel suspenseful word film shocking doesnt rely big shootout real life dangerous scene loved film able pull vulnerability without cheapening shock value film told two parallel story mother nawal younger day traveling middle east going jail jail kid looking brother father various people knew nawal back day first half film mother daughter going journey felt interesting brother arc turned valuable endi loved subtle emotional acting child gave often villenueve would keep camera face long period time hear something life changing proved great technique creating emotion scene would otherwise called course film known shocking load twist turn never felt film reached much shock value every twist seemed possible something actually could happen tribute lead actor able ground film reality enough never take incendies one film put seeing awhile didnt think story interested enough im jealous anyone hasnt seen able experience first time film devastatingly beautiful beautifully devastating absolutely loved filmlead performance shocking twist turn villenueves directing style edge seat drama parallel storytelling,0.9782,positive,0.129,0.668,0.203
kayurp-10026,9.0,0,1,denis villeneuves incendies cinematic gem,denis villeneuves incendies cinematic tour de force dive headfirst harrowing depth war terror human relationship portrayal devastating side conflict doesnt tug heartstrings rip apart culmination narrative nothing short jawdropping ending unexpected poignant imprinted mind villeneuves directorial brilliance paint scene raw intensity complemented breathtaking cinematography capture beauty chaos middle east testament resilience human spirit incendies emotional roller coaster leaf drained enlightened,-0.5994,negative,0.236,0.563,0.202
khalidmoubile,10.0,0,0,storytelling best,mothersnawal death twin heading middle east following wish leading discover truth nawals past truth family knew great friend mine recommended moreas fan denis villeneuve thrill arab perfect mei enjoyed vibe talk arabicbesides one thrilling movie ive ever seen definitely one wellwritten movie toothe timeline structure followed remarkable making thrilling darker toothe story thrilling one got message reflects fact like shame arabic society start point whole story thank god didnt expect end would like surprisingly shocking enjoyed shock honestmy first language arabic course film didnt disappoint great job actor performance arabic frenchfinally thank denis beautiful masterpiece,0.9957,positive,0.08,0.425,0.495
Giuseppe_Silecchia,9.0,0,0,incendies haunting journey memory identity inherited silence,denis villeneuves incendies filmits devastating puzzle unfolds like whispered scream following two sibling unraveling traumatic past mother wartorn lebanon film blend mystery political history emotional brutality surgical precision every scene bleeds quiet pain every silence echo louder thousand explosion villeneuve doesnt offer comfort invite u labyrinth generational trauma identity fragile truth final violence structure masterfuleach revelation hit like gasp yet feel inevitable visually stark narratively rich film push u ask much past carry without knowing lubna azabal delivers haunting performance anchoring film raw livedin emotion incendies story forgiveness silence horrifying consequence secret left buried watch youre ready unsettled changed easy forgettablesimply unforgettable,-0.9556,negative,0.268,0.586,0.146
billcr12,9.0,0,3,heart breaker,incendies multi award winning mystery canadian director denis villeneuve twin brother sister simon jeanne read mother requesting travel unnamed middle eastern country find rootsflashbacks nawal christian pregnant palestinian refugee lebanon brother kill guy nawal give birth baby boy secret grandmother tattoo boy heel give baby away later try find civil war orphanage destroyed pretend muslim bus attacked christian burn bus manages survive showing cross around neck event turn radical go undercover french tutor shoot christian leader sentenced prison raped torturer boy girl born smuggled nurse move canada back present simon jeanne uncover nurse helped mother uncover secret birth continue search half brother discover end shocking heart breaking incendies stay long credit roll,-0.9766,negative,0.253,0.68,0.067
Orhan_Akdeniz,8.0,0,0,painful story,painful story dont understand denis villeneuve made movie kind movie shot calm fixed camera angle watch movie trkiye get strange thought part movie take place canada beautiful country civilized people livable country look scene taking place lebanon grateful trkiye difficult life people live difficult geography,0.5994,positive,0.164,0.624,0.212
simon-455-826454,4.0,8,18,minute movie cut minute,dont believe good review guess movie given extra credit author movie harsh arab tragedythe story actor bad cut movie isthe director need cut movie story really flow incendies many scene long unnecessary still picture travelingthe author would say need time convey story feeling b normal speed story would strength avoided boredom,-0.8558,negative,0.272,0.615,0.112
robertemerald,8.0,0,0,beautifully filmed explosive deeply saddening film middleeast,incendies like series shock aeroplane circling overhead circle pulling back curtain time circle dropping yet another bombshell viewer wonderful cinematography rich colour many panoramic vista middleeast alone film power tale swept length could see honourable statement filmmaker making war took point ending strayed message one bombshell many explain two parallel story however ala forced take another point score well story mother needed see except last ten minute deserving wonderful movie much,0.802,positive,0.126,0.669,0.205
jerzykunce32,10.0,0,2,perfect perfect,arent flaw film shortly piece art draw attention begging first scene involves entirely development plot drama solution film many language including french arabic main language hear film original purity language human heart see many beautiful landscape film beautiful landscape human soul forgives see many religion tradition film oldest tradition tradition mercy oldest religion religion love born south understand place watch film dont remember watch,0.9674,positive,0.0,0.723,0.277
Horror_Flick_Fanatic,8.0,0,0,good film,pretty good film dont mind subtitle enjoyed,0.5264,positive,0.211,0.312,0.476
afrizahc,9.0,0,1,gripping journey darkness war identity,incendies directed denis villeneuve harrowing emotionally charged drama explores longlasting effect war family secret search identity film based play wajdi mouawad follows twin jeanne simon unravel mother past middle east death uncovering shocking truth heritagethe narrative constructed like puzzle story switching present mother nawals tumultuous past villeneuve expertly build tension revelation keeping audience engaged film move towards devastating conclusion exploration theme like identity trauma cyclical nature violence handled mix sensitivity raw intensitythe performance outstanding particularly lubna azabal nawal whose portrayal woman enduring unimaginable suffering fiercely protecting child deeply moving film cinematography equally powerful capturing beauty desolation wartorn landscapeone incendies greatest strength refusal offer easy answer resolution challenge viewer confront brutal reality war emotional toll take individual family shocking final twist gutpunch force reevaluation everything came making film impact linger long credit rolloverall incendies masterclass storytelling tackle complex issue nuance emotional depth haunting film leaf profound emotional impact invite reflection horror war resilience human spirit,-0.8689,negative,0.235,0.548,0.217
ramlmmjem,9.0,0,0,mustsee movie deal true horror sectarian conflict,film great beauty joy sorrow echo tradition greek tragedy end sown beginning required reach end people follow logic built part play life really isat time couldnt watch time couldnt look away beautifully scripted acted directed gory time hard watch almost hitchcockian term treatment cruelty get chance strong recommendation watch,0.5271,positive,0.219,0.503,0.279
Raegnir,9.0,0,2,war war never change,war mean cruelty especially middle east poverty combine ignorance voila cruel war movie show cruel war bei decided watch movie high expectation main idea movie explaining sentence filmdeath never end story always leaf track movie good general finalin final found truth got goosebump id never gotten much movie shocking must say final satisfied expectationsmusic choice poor opinion okay accept song good werent compatible scene,-0.9697,negative,0.355,0.476,0.169
nizzambaharuddin,10.0,0,1,dark bleak,watch film equation make senseincendies one film im surprised anybody seen film confessed film managed change whole life perspective damn good film family conflict genocide war religion politics say bleak actually understatementive watched denis villeneuves film gotta say clearly see signature style film pacing cinematography overall style definitely obvious u see film showcase talent term directing also knowhow choose story expand itthe narrative actually quite simple nawal dying mother instructs twin brother sister simon jeanne go trip middle east search answer life history learnt life time place like living hell politics religious extremist would destroy livesvilleneuves film quality needing little dialogue convey thing instead relies actor use full facial expression acting range show raw emotion scene gripping hard hitting likely feel character feel time film exhausting youd probably feel drained end doesnt fast pace rather use discovering truth unfolds youvilleneuve also habit leading astray plot led thinking something happen something else happen youll probably feel vandalized harassed confused end film three mention cinematography mise en scene absolutely superb enough got immerse story curious wholeincendies made hollywood noticed denis villeneuve see film masterpiece absolutely doubt absolutely zero fault find film well slow thats film weakness prefer action packed film cookie cutter summer blockbuster film isnt doesnt exist appease audience tell story easy mewatch wont disappointed could bad film,0.7922,positive,0.14,0.687,0.173
witster18,9.0,0,1,unrelenting overachievement,surviving video storein less offered dvd rental decade ago setting stage future payoff becoming first many excellent film director denis villenueve never one shy away subtitle saw radiohead attached music sometimes game movie watching paysoff nugget led goldmine read less know one betterthe effort clear departure subsequent film denis villeneuve filmography saying one director best saying lot dune first id awarded year sicario excellent prisoner one best crime thriller last decade incendies biggest overachievement lot also heaviest director typically paint social macabre recently artistic science fiction incendies unrelenting disturbingyet undeniably impactful drama mother torn three child amidst civil religious unrest lebanoni really dont wish dive indendies plot case journey impactful engrossing viewer goesin knowing little going serious wartorn drama source material direction cinematography editing acting music style ending topnotch wouldnt doubt may consider best work write im questioning could genrebiases regard film equal prisoner dune film made million pack much punch answer yesthose year video store showcased many young director highpotential like duncan jones moon nimrod antals kontroll morten tyldums headhunter gem period villeneuves incendies best impressive lot upstart director early work undoubtedly one best unknown film millenniumwear headgear one absolutely kiddos faint heartthe flaw villeneuves incendies come form liberty taken director term language film european appearance twin issue glaring turnoff others may go unnoticed one two scene could reshot language congruence issue discovery distraction postbeingblownaway language appearance issue somewhat valid perhaps byproduct thing villenueve lacked period career time money resource neither appearance twin language congruencyaccuracy seriously affected first two viewing score could depend viewer awareness eversoslight shortcoming goinginto viewing,0.9834,positive,0.076,0.76,0.164
alainfranzolini,10.0,0,0,uppercut movie,slow movie end near think know end dont,0.0,neutral,0.0,1.0,0.0
peter-blazek,10.0,0,2,couldnt stop think,first review decided step movie impressed watch next day lost thought powerful drama one best ever watch watch month ago im still impression story love hate war forgiveness brother sister looking root father didnt know surprising cognition another brother mother left big bag full shocking secret shocking secret always could imagine someone living weight shoulder strongly recommend movie everyone,0.699,positive,0.201,0.529,0.269
Evanoil,10.0,0,1,incredible,didnt think would rate movie saw one day avegners dumb comedy taking box office hard stumble upon masterpiece especialy foreign film luckily film directed international known director privilege come across name plot movie way special start watch movie must say first minute film interesting give chance open incredible masterpiece movie awesome acting unexpected turn event keep hooked till end movie end stop thinking happened strongly recommended people got tired obvious trash going movie industry right,0.9686,positive,0.096,0.59,0.314
alahmadi-31777,1.0,10,29,dont watch predictable poor ending,dont watch bad movieeverything weak strating acting till bad endingmy advice stay away,0.4215,positive,0.156,0.538,0.306
cretzu_media,9.0,0,0,someone sleep shock,used villeneuve talent isamazing hard story follow yet kept breath till end wow show u lucky far war bloodshed,0.6249,positive,0.191,0.469,0.339
raoadi1014-959-254144,8.0,0,1,disturbing movie keep haunting day well made movie,finished watching incendies reading many good thing moviehonestly film left bit disturbedcompletely shake viewerthe screenplay writing seamless direction excellent performance actorsthe quest protagonist find brother father simply phenomenal surprised film didnt win oscar great filmreally moving disturbingvery difficult make film like indeed also act hat maker,0.1114,positive,0.177,0.638,0.185
TheMovieDiorama,9.0,0,0,incendies explodes thrilling mysterydrama tackle family history,fan villeneuves work imperative experienced earlier work cement accolade acclaim receives film industry rapidly rising one influential director working today incendies big breakthrough hollywood snatched blessed world talent set ridiculous expectation quietly hoping would masterpiece soon credit rolled sitting absolute silence gently closed eye overbearing pressure dissipated body overwhelmed cinematic gold undisputed classic making relish brutality civil war religious hatred two canadian twin travel mother home country attempt uncover hidden past must find father longlost brotherits tragic tale love loss life amidst brutal civil war caused opposing ideology christianity islam family believed mother mentally unstable uncovering shocking past last behest portrays idea redemption even death journey twin go present day equal harsh experience mother encountered civil war villeneuve ingeniously integrates two timeline perfection separating chapter introducing pivotal character place meticulous pacing envelops broken country broken family witness flashback mother past life savage honestly unembellished act violence went completely shook core villeneuve shy away child getting shot head innocent muslim refugee getting massacred bus grab sheer power ferocity blazing imagery take hold unable let go brilliantly elegant yet audaciousthe minimal amount characterisation surprisingly work narrative favour twin investable character shouldnt mother screenplay intricate amount depth character leaving small breadcrumb final revelation reveal gasped put hand towards gaping mouth widened bloodshot eye much coincidence perhaps solidify tragic life nawal misfortune surviving despite outcome made til death loving mother child played exceptionally azabal garner enough acclaim performance able show vulnerability within stonecold exterior conveying amount loss experienced one gaze cameravilleneuves directing style always masterful dartonnes editing especially splicing two timeline nearperfect right amount time spent scene blazing bus conjure emotional connection turpin cinematography gorgeous landscape shot wartorn unnamed middle eastern country heavily implied lebanon stunning devastating put simply incendies masterclass technical excellence fact film near masterpiece pacing issue couldve alleviated tighter runtime however deter overall sprawling devastation incendies brings screen heartbreaking tragedy one villeneuves best,-0.8093,negative,0.213,0.593,0.194
miguelneto-74936,8.0,0,1,denis villeneuve one early film,incendies one movie leaf punch sensation stomach besides great plot twist end film something denis villeneuve film denis villeneuve simply flawless film cast good especially lubna azabal great role opinion best movie villeneuve prisoner incendies far behind soundtrack good photography great shocking scene scene reveals big plot twist also beautiful moment pool incendies good show denis villeneuve one best director film show first time would become today villeneuve want movie note,0.9858,positive,0.061,0.568,0.371
lukkiendevries,10.0,0,0,captivating,watched movie without knowing beginning confusing soon myme eye glued screen movie eyeopener horror happened palestine unpredictable end love still show kindness people beauty country,0.8388,positive,0.102,0.55,0.348
ellencristinygm,9.0,0,2,speechless,film left speechless floored breathless brutal transformative cinematic experience pretty pretty pretty punch windpipe already missed exceptional denis villeneuve usual suspect arrival really need use term genius masterpiecea temporal parallel narrative motherdaughter trajectory effective creating sense connection journeysits interesting way director chooses expose conflict christian muslim point view catholic side antagonist since following nawals point view subverting clich muslim villain scene massacre bus image lady capture devastating absurdwhat wonderful story phenomenal construction whole context religious civil war unidentified land tell micro narrative totally affected macroa film many thing many layer speaks devastating incendiary power truth still need see villeneuves film find difficult work top one best film,-0.7346,negative,0.238,0.565,0.197
davidbeland,5.0,6,14,much enough,last year saying see incendies everybody talking must awesome finally didthe good great actor great cinematography strong dramatic scene sometimes realistic bad loooooooooooooooooooooooooooooooong way long especially beginning film didnt care character ive found fighting boredom part nothing really happens th minute th minute didnt bought plot first place twin odyssey middleeast meet unknown brother understand mystery behind mental illness dead mother thats bad wanted like movie hard didnt ending twisted point became ridicule laughable didnt bought either yeah know truth stranger fiction sometimes fiction pushed hard overkillin opinion music didnt fit middleeast movie part least mean include twisted sister bon jovi justin beiber soundtrack bit phrygian dominant would helpedi didnt liked structure either think tried make artistical something didnt helped storyif want vacation last longer hour minute felt like hour sayingnot bad movie great either lot bone lack meat maybe much expectation one word deception,-0.8116,negative,0.226,0.613,0.161
ytoshiya,9.0,0,0,unbelievable movie,end movie dot connected dot turned line movie moving emotion watch preparation,0.0,neutral,0.0,1.0,0.0
abhishekbhardwaj57433,10.0,0,2,two two make one,set backdrop warit amongst filmsthat leave u speechless heavy heartmulti faceted storydepicting different dimension wardifferent definations relationone dipped hatredother left discoveredmarwan twin handed envelopeswhen find mother dead mysterious conditionsthey r asked deliver envelopesto father brotherfar away knowledgethis search take back mother rootand discover differenthidden phase mother lifethe woman knewwas mere womenbut woman tribe considered disgrace unknown truth lifeperformances realisticvisuals perfectand storyscreenplay go beyond wordsa simple mathematical relation sum story,-0.7506,negative,0.118,0.851,0.031
steph-282-152243,10.0,0,3,journey twisting emotion,journey twisting emotion worth watching enjoy watching movie see end handthis one movie must watch entirety order learn reasonyou feel anger sadnessthen story move forward feel energy revenge right angermore movie like madeones story tell meaningfulemotionally charged carry essence humanity outi left movie feeling life ever wastedno matter wereare becomenot many movie lead person feel way,0.1027,positive,0.13,0.689,0.18
xajycck,1.0,4,8,full wrong historical fact,waste time film lebanon filmed jordan arabic lebanese show arab christian commit honor killing true show islamic terrorist christiansthey mixed fact arabic torture anyone speaks lebanese probably dennis villeneuve never met lebanese went lebanon make low level disappointing movie least read historythe plot twist ok everything else sucksit show well refugee angel whereas created war committed crime lebanese civil war,-0.9628,negative,0.348,0.473,0.178
steiner-sam,9.0,0,1,death always leaf track,incendies fire english lebanese civil war drama based montreal quebec lebanon flashback go back nawal marwan lubna azabal dy age soon stroke survivor jeanne mlissa dsormeauxpoulin simon maxim gaudette lateteenage twin nawal secretary jean lebel rmy girard legal notary quebec left child two letter one give lebanese brother didnt know existed one father theyd never met believed knew first name nawal want buried letter deliveredjeanne go lebanon search truth simon would prefer disregard lawals request film alternate jeannes pursuit truth flashback nawals experience civil war began mids truth jeanne learns becomes stunning climax come simon join finally learn mother experienced warincendies jarring totally gripping movie contains plot need suspend rational analysis story execution brilliantly done lubna azabal give magnificent performance mlissa dsormeauxpoulin also excellent girard gaudette abdelghafour elaaziz abou tarek provide good supporting role substantial believable violence gratuitous manner cinematography carried jordan firstrate incendies great french canadian film,0.9559,positive,0.101,0.683,0.217
SoumikBanerjee1996,8.0,0,2,beware final twist,silence truththe conclusive juncture final moment swept foot shaken core im loss word right know convey emotion think need time recuperate tough final twist plot sure permanently etched heart likely never able forget im sure whether content truth say incendies one villeneuves finest work recent time one movie cannot afford miss,0.6007,positive,0.088,0.74,0.172
MESPLINTER,1.0,3,5,overhyped pretentious exhausting,incendies one overrated film ive ever seenit mistake trauma depth try way hard profound story absurdly unrealistic pacing painfully slow big twist feel disturbing meaningfulbeautiful visuals cant save plot thats farfetched emotionally manipulativeoverhyped pretentious exhausting,-0.9471,negative,0.397,0.603,0.0
raj-bhullar,10.0,0,1,masterpiece,might best film denis villeneuve ever made mind top filmmaker loved many film movie special kept glued screen entire length mystery mother life kept unfolding ending shocked left stunned like jaw dropped floor tear final letter read movie made feel like movie ended credit rolled thought might best movie ever seen thats saying something story powerful loss word im still stunned finished movie masterful story telling true work art masterpiece movie unforgettable special,0.984,positive,0.073,0.563,0.364
atomar-95878,9.0,0,1,love good cinema go,incendies powerful emotionally charged film masterfully weave together theme family war identity directed denis villeneuve movie follows two sibling jeanne simon uncover dark secret mother past wartorn middle eastern countrythe film nonlinear narrative structure add sense mystery tension audience slowly revealed truth family history performance superb lubna azabal delivering standout performance complex enigmatic mother nawalthe cinematography breathtaking capturing harsh beauty desert landscape devastating effect war score equally impressive perfectly capturing mood tone sceneincendies thoughtprovoking deeply moving film explores consequence violence power forgiveness mustsee anyone appreciates thoughtprovoking cinemarating starspositives powerful storytelling outstanding performance stunning cinematography haunting scorenegatives none,0.9186,positive,0.18,0.548,0.272
mejiajohnlester,10.0,0,1,great movie,absolute masterpiece start finish storytelling compelling weaving plot keep engaged emotionally invested throughout performance exceptional actor bringing depth authenticity role making character truly memorable cinematography visually stunning capturing breathtaking landscape intimate moment finesse director meticulous vision ensures every scene purposeful impactfulthe soundtrack perfectly complement narrative enhancing emotional resonance key moment drawing story film exploration theme thoughtprovoking emotionally stirring addressing complex issue sensitivity insight film stay long credit roll prompting reflection conversationoverall movie tour de force showcase best cinema offer mustwatch film enthusiast testament enduring power storytelling,0.9864,positive,0.0,0.668,0.332
bgfkdcq,1.0,11,36,worst ever movie,worst ever movie seen life,-0.6249,negative,0.506,0.494,0.0
sepial,10.0,0,1,enough star available pure masterpiece,midst villeneuveexploration film hit like past decade took minute watching able anything eventually smoke everything composes film editing camera work acting choice narrative converge perfectly emerging complete whole seen screen long time hauntingly beautiful quietly earthshattering always seems go villeneuve there single superfluous grain there lingering exploiting cruelty aspect scene sort thus also presented tactful way soundtrack well reduced necessary much greater effect camera closely kept protagonist without exception every performance excellent wider shot reserved set stage war seen eye intimate factfinding odyssey past virtuous also division timeline without ever confusing never lart pour lart essential storytool story end main character still hasnt left,0.9055,positive,0.084,0.728,0.188
tristanixox,9.0,0,2,tragedy turmoil torment,pleasure attending screening incendies telluride film festival absolutely shattered meticulously crafted film favorite festivalstuff happens youll like way film go even youll like whoa okay even youll like oh god even still youll like happening oh god please itll keep going even end film youll steamy shattered mess like wascharacters event throughout depicted subtlety prowess master filmmaker dont want spoil anything numerous moment screening attended audience vocally reacting moment screen extremely visceral affectingbeautiful powerful film,0.9655,positive,0.103,0.567,0.331
roji-11965,10.0,0,1,extraordinary,see reality living middle east struggle woman definitely worth watching never guess end movie cant even move eye turning device one best movie ever watched unfortunately couldnt reach wide audience,0.6157,positive,0.15,0.622,0.228
imdbfan-4472082915,1.0,4,9,waste time,watching incendies felt like absolute waste time film try hard deep thoughtprovoking end painfully slow overly convoluted nonlinear storytelling could powerful made plot confusing emotionally distant character often felt like device move plot real people could connect time twist ending arrived already checked felt like cheap shock tactic meaningful revelation instead delivering profound message movie hide behind complexity leaf wondering even started watching first place definitely worth hype,0.5267,positive,0.16,0.64,0.2
Vartiainen,5.0,4,11,ending,twin recently lost mother travel middleeast search father theyve believed dead brother didnt even existed time follow mother youth middle bloody religious civil wari dont particularly care denis villeneuve director scifi film blade runner arrival decent former edging downright good realistic drama film always left feeling unclean much grittiness nasty tone much needless misery bleakness depression villeneuves hand world show grey place even decent people hide monster within justification existing sheer lack choice something want subject given choicethat said film work pretty well perhaps background war somehow villeneuves usual trick didnt bother much perhaps bit weird war justifier horrible thing fact still remains still horrible didnt feel overexcessiveexcept ending saw coming saw coming long way ahead may ask simply imagined nasty turn film could take one would make gag worst part doesnt even make sense within film story bend backwards event take place completely shatters suspension disbelief villeneuve really want audience throw badlythen film well done first half told phenomenally well character interesting horror war given due endingi think im done guy please,-0.9904,negative,0.272,0.607,0.121
lolipop_big,10.0,0,3,incredible,im iran movie fantastic think story line lebanon acting amazing familiar story lot refugee war torn middle east sad powerful chilling gripping love history must watch people love history much woman endure frantic religion people israel palestine relatable kid hope everyone travel middle east grasp suffering pain loosing child dad rape war crime yet question ever end doubt let hope tolerance,-0.7506,negative,0.331,0.409,0.259
Ahmad_pilehvar,8.0,0,0,one plus one make one,oh god im still shock couldnt believe possible first didnt attracted movie hour watching movie find patient wasnt worthless story became one favorite story ever seen liked nice message story say story begin promise break chain anger nothing mean together,0.6979,positive,0.157,0.563,0.28
charbelelaro,9.0,0,0,movie amazing,incendies directed denis villeneuve foreign film one intriguing story ive ever come across film begin two twin mourning death mother trying sort aspect become incredibly distraught finding mother wish buried traditionally letter sent brother father twin unaware brother living father therefore leading investigation order complete task everything film phenomenal every single performance outstanding realism depicted actor blew away denis direction usual perfect capture moment horror well utilising close ups big wide shot necessary many moment film look incredible incendies one insane ending revelation ive ever experienced film although isnt pretentious cheap due phenomenal writing compelled movie entire runtime story rarely dull moment due uneasy suspenseful plot incendies seen dont let english subtitle discourage movie amazing therefore give,-0.6741,negative,0.166,0.698,0.135
shanayneigh,9.0,0,0,outstanding,ive wanting see movie long time finally available streaming service knew absolutely nothing movie early work denis villeneuve filmmaker mixed feeling view he one uneven filmmaker today sicario especially prisoner fantastic movie enemy arrival best mediocre blade runner dune absolutely dreadful seems spectacle film worse getbut im happy finally got see incendies outstanding especially lubna azabal lead equally good masterpiece paradise set lebanon although location isnt specified civil war movie paint surprisingly frank picture setting especially christian fascist militia engaging mass slaughter something people today dont seem know aboutthe twist end fairly obvious sometimes journey destination ordered bluray immediately watching see making listen villeneuves commentary,0.9569,positive,0.122,0.624,0.254
shathakbs,1.0,7,27,one worst movie ive ever seen,hate movie shocking unbelievable nonsense ending regret watched really dont know get high rating didnt enjoy feel moment movie although point pointless really wanna ask everyone like movie convince deserves,-0.8492,negative,0.339,0.514,0.147
naseef-abdullah10,10.0,0,1,cruelty war,always movie see remember rest life assure incendies one kind moviethis movie started dramatic situation mayfeel boring hook movie keep going beginning might find character really suffering movie end person suffer would definitely always hate war thought know cruelty war seeing movie really understand crueltythank god movie real life story otherwise would think could kind god punish someone badly,-0.9474,negative,0.339,0.48,0.181
Jimmy_JimJim,9.0,0,0,beautiful suspenseful,one beautifully shot exotic location worth watching even turn sound ignore story line sound follow strong screenplay got great movie keep guessing end,0.8885,positive,0.075,0.537,0.388
KunvarAishwary,10.0,0,1,emotional impact redefined,prepare emotionally dismantled incendies breathtaking masterpiece defies conventional storytelling mindbending narrative structure heartwrenching tragedy canadian film set new standard cinematic excellence film skillfully intertwines multiple plot ingeniously running opposite direction creating mesmerizing experience keep edge seat climax delivers unexpected devastating blow leaving awe stellar performance realistic portrayal character add depth authenticity artistic gem may minor flaw screenplay pale comparison overwhelming impact film profound tragedy director denis villeneuve showcase unparalleled storytelling prowess solidifying incendies mustwatch reaffirming status visionary filmmaker brace unforgettable journey depth human emotion true masterpiece demand attention,0.8442,positive,0.127,0.668,0.206
wills-50922,10.0,0,0,must watch,film mental emotional rollercoaster ride first act set story tragic loss endure many level unbearable second act guide mystery layered past present look first son give right birth maneuver civil war present adult daughter son continuing search mother couldnt complete third act happens think going jaw literally dropped satisfying film bravo writer director actor,-0.6808,negative,0.146,0.78,0.073
johntheholder,4.0,4,12,dead boring film filled dead tiresome scene watch fatih akins edge heaven instead,dennis villeneuve director who gained acceptance like christopher nolan there something film cant exactly place know something made good decent film great one consider tim burton first batman best batman movie film watch list basically since came got see today ive got news prepare bored stiff thought joke paused checked imdb rating checked random user review gladly anything please distract tedious film went back minute engagement meaning didnt care much watching debating whether fast forward started casually fast forwarding give hinta bit specific thoughbad editing many scene cut meaninglessly scene depicting angle im editor bored tried get thinking aspect im watchingbad screenplay maybe story isnt bad chose another set scene sequence whole emphasis basically another whole movieindifferent acting kid indifferent mother mute way mixed mute cry isnt praiseworthy may even say cast bad whole ensemble cast brother sister chemistry whatsoeverbad direction yes guy bladerunner wasnt bad film dont like direction well clearlyits film similar subject matter topic fatih akins edge heaven film alive energetic whereas film totally dead compiled dead scene thats really whole film dead least thats nothing felt nothing getting tired frustrated bad film really opposed great rating overall critique shockingly boring,0.978,positive,0.148,0.597,0.255
chera_khalid,10.0,0,0,incendies haunting masterful tale war secret identity,incendies directed denis villeneuve masterclass storytelling grip viewer start finish leaving indelible mark soul film adapts wajdi mouawads play weaving narrative deep emotional resonance complex family dynamic devastating repercussion war breathtaking direction powerful performance profound exploration identity history incendies firmly establishes villeneuve one brilliant filmmaker generationthe story follows two canadian twin jeanne simon tasked fulfilling late mother final wish wish send journey middle east uncover dark longhidden family secret connected mother past sibling delve deeper mother mysterious life uncover harrowing tale love loss ravage warvilleneuves direction nothing short brilliant craft compelling nonlinear narrative shift two timeline presentday search answer tragic story mother nawal lebanese civil war villeneuve deftly navigates two timeline building tension mystery way subtle profoundly impactful mastery lie ability make moment feel monumental whether quiet conversation explosive revelation every frame incendies charged emotional weightthe performance extraordinary across board lubna azabals portrayal nawal nothing short mesmerizing brings depth complexity immense emotional range character particularly film slowly unveils nawals painful past twin played mlissa dsormeauxpoulin maxim gaudette also exceptional performance deeply moving perfectly capturing confusion grief revelation come discovery mother secret life dynamic sibling fraught tension search truth lead confront horror past personal demonsthe cinematography andr turpin stunning using stark beauty middle eastern landscape claustrophobic interior film tense moment create atmosphere melancholy urgency contrast two timeline visually striking past muted tone giving way somber reflective hue presentday journey cinematography enhances film thematic exploration memory trauma passage time making scene feel like carefully constructed piece artthe score grgoire hetzel complement film somber tone adding layer emotional intensity without ever overwhelming narrative music serf subtle guide emotional moral complexity film enhancing powerful moment without ever distracting story hauntingly beautiful score lingers long credit rollwhat make incendies remarkable exploration deep universal themeswar trauma love search identitythat transcend cultural geographical boundary film unflinching portrayal brutality conflict personal toll take individual yet also conveys profound sense hope resilience film conclusion devastating deeply cathartic offering shocking twist reshapes everything came conclusion haunt perfect summation film exploration complexity human existencein conclusion incendies cinematic masterpiece stay long youve seen powerful performance stunning visuals masterful direction denis villeneuve film tackle complex theme grace insight film resonates deeply emotional level many might one powerful film theyve ever experienced villeneuves remarkable ability blend mystery emotion history rightfully cemented place among greatest filmmaker today,0.9934,positive,0.138,0.612,0.25
denxpp,8.0,0,0,heartbreaking,story family complicated heartbreaking story would like say plot catchy extremely large number plot twist itll super bad spoiler something movie life immigrant unnamed country middle east war hatred change people life forever,-0.8235,negative,0.301,0.535,0.164
kikilangmore319,10.0,0,1,one plus one make one,one emotionally moving film ive seen long time performance organic powerful way feel genuinethe cinematography gorgeous soundtrack incredible starting film radioheads whose army perfect way set tone immediately immerses setting mindset filmi thought movie almost constantly since watched think love denis villeneuves direction brilliant drive film much like work direction aesthetic together remind previous film sicario lovedyes film foreign might confusing first end solidified wonderfully crafted fully fleshed story powerfully brutal real world parallel dont miss one,0.9654,positive,0.06,0.674,0.265
amandalu-09900,5.0,3,9,end result ruin good movie,movie compelling make u feel suffered war hatred however ending hard swallow happened mother love child choose let know painful truththe cast good delivered strong performance,-0.5106,negative,0.355,0.364,0.28
LyudMilla-11112,9.0,0,0,reality,say movie heartbreakingshriking shockingi say movie includes reality look seperation reality fictionvilleniueve chose realitythe middle east includes many pain war crime looked perspective say yes moviethis reality,-0.8402,negative,0.294,0.632,0.074
yasinmagdi,10.0,0,1,masterpiece,movie lack flaw possibly greatest movie time everything cinematography acting plot story movie take rollercoaster emotion shocking moment accurately depicts life wartime middle east rewatch movie interesting get movie focusing struggle mother fought peace killing lover early age endure constant shaming family commited adultery child taken away result promised newborn baby find led experiencing horror religious war going region,-0.5994,negative,0.253,0.551,0.196
yadavanita-18093,10.0,0,0,sometimes need appreciate thing beauty,excellent film heart touching step aside language barrier see beautiful film power cinema hour beauty story music acting everything good keep entertained throughout parallel two story leading shocking conclusion thing cinema made,0.93,positive,0.091,0.541,0.368
pashishi,1.0,5,20,illogical scenario,film present distinctive artistic vision director featuring striking cinematic hallucination despite initial appearance illogicality chaos storyline effectively engages audience intricately linking seemingly unrelated event may find perceived lack cohesion element actually enhances film enigmatic immersive ambiance narrative boldness may evoke comparison provocative style puretaboo content yet imbues incendies brutality distinguishes ittultimately film deserve inflated ranking,-0.3818,negative,0.148,0.712,0.139
executiveassistant-62259,10.0,0,1,nice,honest nothing left say storywise film tragedy atmosphere everythingas admirer dennis villeneuves filmography thanks work past year already familiar much brilliant storyteller yet incendies honest nothing left say storywise film tragedy atmosphere everythingas admirer dennis villeneuves filmography thanks work past year already familiar much brilliant storyteller yet incendies honest nothing left say storywise film tragedy atmosphere everythingas admirer dennis villeneuves filmography thanks work past year already familiar much brilliant storyteller yet incendies n,0.9726,positive,0.122,0.525,0.354
michaelholland-81075,8.0,0,0,wellshot emotional film,particularly enjoyed use longdrawn shot important event mother life felt important aspect drawing emotion scene plenty drawn additionally acting film exceptional especially lubna azabal play nawal mlissa dsormeauxpoulin play jeanne really felt watching family past unfold eye every emotion character felt real worth also enjoyed plot twist came end felt built towards hinted way contrived much going film unfortunately anything say cannot fully encapsulate great film villeneuve definitely earned spot among favorite director working today recommend see film appreciate,0.9639,positive,0.059,0.655,0.287
debjitbiswas-90226,10.0,0,0,must watch,nawal lubna azabal dying middle eastern woman living montreal leaf separate letter twin child read pass away jeanne mlissa dsormeauxpoulin deliver father twin never knew simon maxim gaudette give brother never knew sibling travel middle east separately experience act brutality uncover startling family history revelation themselvesalthough incendies based play movie could hardly timely adapted wajdi mouawads acclaimed play movie indeed set mostly fictitious land never seen movie like best foreign movie ever seen maybe best movie ever genre suspenseful growing chill movie send spine something youll remember forever story background music acting cinematography pace movie everything amazing equilibrium thats make masterpieceno wonder denis villenueve amazes come prisoner enemy sicario blade runner film remain best ever,0.923,positive,0.092,0.716,0.192
arielharlev,8.0,0,2,strong touching emotive title,even think understand part audience see screen minute see there nothing really understood story simply stick stall start another piece puzzle two story engaged together became whole great sad story woman leaf two child huge mystery behindthe film quite long though dont feel time passing going less minute want jump screen try help woman maybe feel identified main character part movie spoiler man hate gender scenesat end get entire story separation unification love revenge mercy without sticky taste classical american moviesalmost masterpiece,0.8915,positive,0.114,0.663,0.224
DanR-Sousa,4.0,2,5,uninteresting except ending,narrative doesnt good rhythm event dont make interesting point care whats happening movie requires make effort enjoy otherwise person wont feel satisfied experience final act factor doesnt make whole experience complete waste timeits movie recommend general public fact dont recommend anyone,0.3826,positive,0.181,0.609,0.21
JSVJ,10.0,0,0,must watch generation,dont watch film one many story war refugee movie accurately depicts trauma horror tragedy war result war doesnt help anyonethe cinematography stark yet poetic often using silence amplify pain performance especially lubna azabal nawal gutwrenching portrayal mother carrying unbearable trauma grace defiance unforgettablemore thriller mystery incendies call acknowledge long shadow cast war asks capable violence forgiveness past unbearablewatch artistry understand consequence war arent confined battlefield echo generation merely movieits mirror real life shattered conflict story demand attention reflection,-0.991,negative,0.419,0.488,0.093
ShootingStar82,8.0,0,0,mature piece filmmaking,incendies tell story arab immigrant canada two child tasked tracking previously presumed dead father mysterious brother following death mother story largely set lebanon venture past presentthis mature film fine direction good acting nice pace story interesting throughout pack emotional punch particularly film reach conclusion however incendies never totally captivated stopped truly loving film nonetheless film piece filmmaking worth watch,0.9045,positive,0.129,0.546,0.325
kevintrodrigues95,9.0,0,0,good,wonderful piece motion art disturbing conclusion painting harrowing scene told beautiful stroke stay long,0.6486,positive,0.151,0.502,0.347
dzontra-nikola,10.0,0,3,masterpiece anyone watch,incendies directed denis villeneuve haunting emotionally gripping cinematic masterpiece intense drama follows twin jeanne simon embark journey uncover mother mysterious past wartorn middle eastvilleneuves direction impeccable creating palpable sense tension mystery throughout film storytelling masterfully crafted seamlessly weaving past present gradually revealing shocking truth character identity brutal reality warthe performance incendies nothing short extraordinary lubna azabal delivers powerful heartbreaking portrayal twin mother nawal marwan capturing character strength vulnerability remarkable depth mlanie laurent maxime gaudette also shine role jeanne simon navigating complexity character emotional journey nuance convictionwhat set incendies apart profound exploration theme identity family legacy violence film pose thoughtprovoking question cyclical nature conflict human capacity love crueltyvisually stunning emotionally resonant incendies cinematic experience lingers long credit roll gripping tale love loss enduring power human spirit making mustwatch fan powerful storytelling,0.9485,positive,0.143,0.606,0.251
martinpersson97,9.0,0,0,amazing quite shocking drama,another masterpiece one best modern director denis villenueve made instant classic enemy prisoner sicario bladerunner much like orson welles classic citizen kane finding truth life secretive person time get even personal protagonist share close bond object investigation motherthe movie extremely well cut flowing well presentday story intercut occassionally flashbacksequences reminiscent citizen kane godfather part iithe acting amazing character without going much spoiler even despicable character find somewhat sympathetic rolesit extremely wellwritten comparison classic overstatement strong script going plot twist could stand profoundsafe say rightfully maintaind spot imdbs top list work true artist,0.9695,positive,0.094,0.622,0.285
Wasp-12-21-11,10.0,0,2,best film year,although nominated best foreign language film rd academy award incendies win award instead going better world danish film directed susanne bier bier family conflict drama fine film right lacked enough power intrigue narrative sustain twohour length incendies may occasionally overstay time denying raw emotional impactwhen nawal marwan lubna azabel deeply affecting form suffers stroke quebec swimming pool spends remaining week life silent reading two child jeanne mlissa dsormeauxpoulin simon maxim gaudette notary jean lebel rmy girard reveals jeanne simon father believed dead still alive also brother given envelope deliver father brother respectively long disturbing journey beginsincendies overly complicated film require certain amount attention along even larger portion believability towards stunning conclusion viewer rely stretched credibility final revelation film sure divide viewer may see nonsensical attempt impress audience shock twist others view harrowing powerful reminder harshness war racism violenceit cannot said incendies perfect film film length occasionally stretch depends much coincidence flaw incendies make azabels pitchperfect performance nawal shake core even coldest viewer andr turpin stunning cinematography make almost impossible believe story confined stage may promise easy viewing denis villeneuves fourth feature film outstanding achievement resonate viewer across globe long conclusionverdict superbly acted astonishingly filmed remarkably told masterpiece emotionally staggering climax finest film,0.9701,positive,0.119,0.668,0.213
tareqzaghal,8.0,0,1,greatest storyteller generation,denis villeneuve favourite working director third act answer needthat bonechilling moment happens storytelling denis later work proven master meticulously building tension atmosphere around character conflict begin see seed cannot help give full attention imagery handincendies tragedy story easily wrap head around time may feel confused heading film trying say going happen much like character slowly putting together narrative explodes explodeswhile might go extreme detail setting war story take place chooses focus war conflict create unimaginable continues live generation imagery extremely powerful performance especially lead captivating honestly hurt film bit screenplay especially segment arabicits obvious denis worked lot nonactors authenticity hired actor native arabic speaker show get really rough keep switching different dialect different location supposed one area couldnt help notice way often becomes obvious imbalance term quality segment arabic french frustrating brought overall experience rating bit cant help something like take experiencenevertheless incendies haunting thrilling disturbing mystery elevated villeneuves direction strongest work undeniably powerful assortment visuals depict unique aspect atrocity wardenis never miss,-0.9257,negative,0.194,0.677,0.129
nitishgalala,10.0,0,0,mindfucking,love film denis villeneuve bt beyond love disturbed tragedy intense sensible strong emotion film like breaking boundary constructed commercial film make realistic art rooted like tree u pick branch nd make remaining boundary breakthis movie need recognition couldnt believe released kind movie stick die watch movie little patience every aspect movie masterpiecebest cinema st century take u regain ur sens u learn doesnt make amazing cant described word watch,0.0649,positive,0.187,0.613,0.201
nitishgalala,10.0,0,0,mindfucking film,love film denisvilleneuve bt beyond love disturbed tragedy intense sensible strong emotion film like breaking boundary constructed commercial film make realistic art rooted like tree u pick branch nd make remaining boundary breakthis movie need recognition couldnt believe released kind movie stick die watch movie little patience every aspect movie masterpiecebest cinema st century take u regain ur sens u learn doesnt make amazing cant described word watch incendies,0.0649,positive,0.187,0.613,0.201
niyantha,8.0,0,1,deeply disturbing end,breaking silence hell film incendies director dennis villeneuve dop andreturpin music gregoirehetzel cast lubnaazabal melissadesormeauxpoulin maximegaudetteit quite better idle breaking silence impact breaking silence investable burden knowing whats taking place offscreen difficult audience stomachdominated period eerie calm followed sudden astonishing mood swing incendies intelligent emotionally complex world cinema finestit really believable yet taken literally cinematic prosepoem undoubted forceincendies find engaging way end circle violence anger referring title translates destruction fire moment absolute breathless silence incendies leaf there way wash witness shatters withinthere truth revealed condition discoveredelemental expertly directed dennisvilleneuve lubnaazabal melissadesormeauxpoulin compelling kind act amazing andreturpin parallel panning movement gregoirehetzel tough spellbinding sound made one best realized effort incendies,-0.3415,negative,0.192,0.626,0.182
j-22560,1.0,6,40,film make sick,unpleasant language much passionate quarrel yelling every actor seems involved actually neurotic,-0.2732,negative,0.307,0.503,0.19
egelund-66089,9.0,0,0,tragedy rebirth something,movie lot would give would poor miss itso many feeling going drama would strongly recommend see ending something good,0.5106,positive,0.176,0.487,0.337
guisreis,8.0,0,0,brutal story,well directed filmed acted quite harsh violent movie dennis villeneuve horror war enduring impact generation investigation orphan twin advance past deceased mother gradually unveiled bizarre story bizarre interesting present past appear alternate along film could even better sluggish moment become confusing sometimes like music score felt fitting well film mood,-0.9165,negative,0.329,0.504,0.167
Willl02,9.0,0,0,perfect realism,incendies denis genius storyteller direction make invested two twin mother way portrays realism movie superb think fact element story take away realism reason star meproduction acting writing entertainment resonance,0.7845,positive,0.0,0.796,0.204
Gelaos,9.0,0,0,beautiful deep sad human,core plain simple execution beautiful plot bit farfetched unnecessary element able guess final twist early however overall impression film didnt suffer atmosphere depressing deep scene eg bus abduction jeanne meeting woman villager villeneuves cinematography exceptional actor also great especially mlissa dsormeauxpoulinoverall beautiful human sad film,0.8986,positive,0.11,0.59,0.3
sinayazdani-72638,1.0,6,46,dont watch,terrible movie ive watched day still worst movie ive ive ever ever ever watched let rewiews fool move bad,-0.9274,negative,0.476,0.524,0.0
briancham1994,9.0,0,1,disturbing gripping,wow denis villeneuve show expert direction masterpiece tension weaving two timeline slowly uncover story nawal secret really father child although much happens investigation plotwise event still feel compelling due emotional toll sibling destructiveness war surrounding mother dual impact war investigation assault audience extreme discomfort especially near end thanks great performance absorbing portrayal historical event,-0.3477,negative,0.249,0.52,0.231
muhammadaminrahmanaamman,10.0,0,0,shaking,amazing acting lubna azabal mother character see every scene movie find,0.5859,positive,0.0,0.725,0.275
m-antomervin5,10.0,0,3,watch die,canadian mysterious drama tell powerful emotional tale two young adult voyage uncover truth mother nawal marwan played lubna azabal secret three dimensional believable character breath taking moment truth make heart beat like crazy really visually touching moment film like shot burning bus beauty land shocking closeup marwan face incredibly well made movie modest budget great prominent work villeneuve every director make humane wondrous film know medium language cinema craft story element film need become memorable touching,0.9678,positive,0.053,0.649,0.299
sidneywhitaker-294-45147,4.0,3,18,grim baffling tale,incendies watch film right properly horrified inhumanity man man fierce grimness life simple people barbarous middleeastern wasteland destruction first baffled frustrated break continuity location action swimming poolemptythen suddenly one glamorous female swimming water used doubt artistic symbolism oddly populous hospital scene incoherence grimness keynotesthe twin introduced near outset given heartrending puzzle solve mother strange read jump cut offer help viewer trying follow trail prevailing mood tragedy danger hostility pervadesagainst filmworld hype glamour award director interview among extra find artistically selfindulgent director drawing pathos tragedy order display originality talent,-0.9571,negative,0.293,0.565,0.141
danka-v-95,5.0,1,4,much potential,say ending movie disappointing potential one best movie ive seen didnt happen much material many scene representing different time peculiar region felt like leading big inspiring closure different level however seems like made shock repugnance instead inspiration spiritual growthit incomprehensible end plain complex plot best guess creator left without idea matured enough life experience know better,0.9538,positive,0.076,0.606,0.318
levybob,5.0,1,5,want like,want like incendies deal effect war religious intolerance family thats good thing film portrays violence sudden merciless another good thing film textured move easily suddenly current day past lebanese civil war christian muslim backandforth generally done well finally film plotreveals characterreveals might prove shocking many viewer depending viewer might good thing wellso whats problem five star present day character set twin brother sister quest learn recently deceased mother fully realized people know little nothing job relationship desire need age dont know serve vehicle get u story past dont know lessens importance learn mother affect film includes rape offcamera thats fine thenperpetrator rape appears old far old character film big reveal moreover meet character present day suddenly appears young appeared old confusing yes film strike somber tone understandable tone never lifted though entire world know family everyone equally involved hiding exposing big secret one seems going business yes comedy would preferred moment counteract graynessi cannot recommend film seen important way well doneperhaps kind film quite possibly,-0.9132,negative,0.205,0.635,0.16
vaiessamsm,3.0,1,5,ruim,movie tiring story didnt interrupt often dont know movie heading least plot twist hold,0.2584,positive,0.0,0.865,0.135
jepulix-10532,5.0,1,7,oppressive,story horrible environment film mostly filmed horrible sand drought feel authentity distressingly agonizing could say thats reason film great thats film agonizingly horrible horrible film recommend one thats saydirector captured oppressivevfeel dry dead land screen still enough thecreason watch disgusting story allthough know lot people want see even horrible disgusting scene tell watch film worth story scene depressing,-0.9868,negative,0.444,0.451,0.105
rogerdarlington,8.0,0,2,pack genuinely emotional punch,french canadian film title translates scorched located mainly unnamed middle eastern country clearly lebanon although shot jordan nation visited tell powerful deeply disturbing story nawal marwan played wonderfully belgianmoroccan actress lubna azabal dy leaf twin daughter jeanne mlissa dsormeauxpoulin son simon maxim gaudette strange instruction letter must delivered father thought dead brother know hadbased play narrative writer director denis villeneuve repeatedly jump back forth present day several decade earlier always make story easy follow advice look three point back heel viewer pay close attention twin learn enigmatic mother process shocking turn event cinema high order pack genuinely emotional punch,0.6003,positive,0.115,0.728,0.156
lastliberal-853-253708,8.0,0,4,childhood knife stuck throat cannot easily removed,trying understand mideast difficult best something requires lot study open mind film excellent step seeing one piece puzzle though specifically mentioned set lebanon present flashback civil war christian population suffered loss leader mother film nawal marwan lubna azabal relationship outside clan son becomes part rebel movement imprisoned raped repeatedly two child ostracized family eventually end canada childrenafter death daughter jeanne mlissa dsormeauxpoulin travel back find brother father journey story incredible story go one point thought unbelievable would happen dida story happen war absolutely incredible,-0.9595,negative,0.261,0.651,0.088
Princess_Nuala23,8.0,0,3,powerful mesmerizing,astounding movie stay long time many review posted anything could say would repeat movie made didnt mind subtitle hope family sit definitely worth italthough gutwrenching impact movie sophies choice eagle landed feel intensity emotion reviewer reported feeling deeply appreciated enjoyed dramatic impact unfolding mystery believe incendies stay year movie well madethe talent main actor remember character story actor playing role appreciated artistic element choice set piece gave really authentic look setting refreshing hollywood fakey white teeth ruining look working class rural character however feel makeup artist perhaps technique could given better sense actual age character various point life would given audience gain better sense actual time span small distraction make mental allowance scene unfoldedmy notable frustration couldnt find reference identity performer provided marvelous ethereal mezzosoprano singing ending credit composer piece perhaps french missed finally found singer ciara hendrick hope possible get recording performance soundtrack found youtube recording displayed german lyric however sounded like different performer quality singing satisfying,0.9847,positive,0.075,0.684,0.241
LeTurcMecanique,8.0,0,0,full tear,movie make cry make understand war middle east,-0.7906,negative,0.538,0.462,0.0
newby_rox3,8.0,0,5,tasty,movie exquisite slowmoving part lowaction shot say lead actor swimming traveling mid east dry arid landthere repeated flashback sometimes hard tell mother daughter since similar look flashback done judiciously sensitively subtly without giving audience hard obvious evidence quest solve retroactive mystery tearjerker action violence rape character study notaryexecutor great opened another world let one new view profession liked notary colleague mideastthe reference historic event country film set closely resembled history south lebanon go without named late knowledge nil seem recall multitude complex external force involved whats referred lebanese civil war actor like christian palestinian correctly identified though hatred palestinian refugee lebanese prime driver launching plotthis birthplace lebanesecanadien writer wajdi mouawad wrote play incendies scorched upon film based maddening subtext logic math fact one statement something effect everything happened precise logic country would standard warlord would encyclopedic knowledge something decade pastthe heroine math professor training teach math tell quest youll great intuition thats youll great mathematician later simplest arithmetic problem known man grate repeatedly actually sum entire plot film didnt get part first oddly mr mouawad straightup fine art background im guessing involved math science technology there even brief mention cabdriver engineering degreei partially agree ebert part start quest plot device deus ex machina doesnt matter since plot really interesting layer reality young sibling history peeled away denouement ebert gave star imdb gave starsenglish subtitle speak arabic french added bonus movie two language keen radiohead one song movie much mewatch stunning awardwinning film puzzle sigh laugh cry let,0.9229,positive,0.107,0.738,0.155
CinemaClown,8.0,0,2,powerful intense unflinching devastating haunting,powerfully haunting brutally unflinching emotionally devastating incendies slow poison whose real potency realised late irrevocable damage psyche already done absolutely unforgettable youve seen incendies isnt best feature director denis villeneuve made far also finest come canadaopening radioheads single whose army story incendies told two different timeline later converges one deliver huge jolt shock one storyline follows twin jeanne simon journey middleeast order fulfil mother final wish stated timeline follows mother life told flashbacksdirected denis villeneuve whose work include polytechnique prisoner enemy incendies present filmmaker prime form even though film slightly overlong somehow manages keep u invested story long enough final revelation strong shocking enough shake foundation human relationshipsset piece provide raw authentic atmosphere whole feature cinematography brings gritty layer capture event fine detail editing couldve provided better pace trimming lingering moment performance convincing score brilliantly composed plus radioheads single seamlessly fit narrativeon overall scale incendies beautifully crafted nicely written strongly performed cinema love hate war delivers disturbing distressing traumatic cinematic experience leave indelible scar viewer psyche haunting masterpiece every sense word definitely amongst world cinema finest film decade incendies come strongly recommended,-0.8825,negative,0.222,0.593,0.185
sdgnz,8.0,5,0,nice change spoonfed hollywood movie,saw suggestion online watch movie without knowing anything thats great great advicethe overall story two sibling fulfilling mother last wishesat time dont always know going quite get given detail villeneuve leaf viewer figure piece eliminate area confusion attention doesnt go unrewarded nice change spoonfed hollywood movie often used toso many hollywood movie see whole plot arc take pretty accurate guess first minute film thats case incendiesgreat film worth watch,0.8679,positive,0.056,0.779,0.165
